age,time_on_site_minutes,pages_viewed,past_purchases,cart_value,will_purchase
56,5.279535078790179,2,4,52.51671595643593,0
46,1.870908314470248,7,0,71.06820575443487,1
32,2.5461839842436302,5,1,19.484723094376694,1
60,9.759157113523962,9,2,79.8543647153363,1
25,0.04535712687307108,7,1,20.694453283553706,0
38,4.438669843703153,1,1,14.792907648588901,0
56,4.565404196730055,2,3,12.580119985883487,0
36,2.5263701151527624,1,2,11.15118703239217,1
40,1.3526687916789617,4,3,66.80365589323839,1
28,1.3372672106601273,1,1,109.24421906160578,0
28,10.758326835153566,4,3,13.110364661449827,0
41,2.9171999908464596,5,1,4.454693436983694,0
53,2.0090292791466373,6,1,18.826901211265522,0
57,2.9780843701399213,9,5,53.62489859131059,0
41,5.5340853015922065,5,2,22.984457718303197,1
20,0.787695384592755,5,3,39.83397278023101,1
39,2.9840406984712486,3,2,68.18849084000117,0
19,4.4322565818175255,1,2,26.25286503132521,1
41,14.838966616846106,5,4,404.732302640555,1
61,1.4552907053203605,6,4,17.68747993507559,1
47,2.2255854049494945,3,0,191.4032874173334,0
55,2.3850090165982625,5,3,11.346891100261988,1
19,4.6511643372121325,6,1,5.879063359266825,1
38,2.205969638832168,3,1,69.48111966289956,0
50,3.8126141118244266,5,2,60.58507245057664,1
29,7.611494443573562,6,0,83.3452341370856,0
39,6.1104393816318305,2,0,21.04851638769975,0
61,2.956281203238169,3,2,133.54325136437896,1
42,9.983455998148454,3,2,6.3622129565489915,0
44,4.083813770151651,3,0,1.5372459885982486,0
59,3.8816205685609684,1,1,17.874040936428532,0
45,0.17392919170521337,4,2,79.80744602623014,0
33,21.597317951466927,4,1,55.887050167588825,1
32,0.6560750078242497,4,1,28.653562266857165,0
64,1.3141728059780164,4,3,14.802759077752988,0
61,0.26540517955170584,6,2,3.0551035859238738,0
20,5.108297443897948,3,1,20.58715707276412,1
54,1.2725337292257766,3,1,30.811137352355395,0
24,0.9923183371506022,4,2,58.08141256571018,0
38,0.46362333884316537,6,1,51.918957283559855,1
26,0.5452195503016297,4,0,147.19961173386508,0
56,4.393417902455379,11,0,5.290026125268866,0
35,5.827092749794458,3,2,20.499274699684218,0
21,2.5323339238152514,6,0,32.84829273117694,0
42,3.2686428348750125,7,1,55.538665834508315,0
31,5.791297733529626,2,1,34.20458442267039,1
26,0.08766295883366856,6,2,121.95360356552496,1
43,1.9513850944551379,3,1,46.91050395608549,0
19,18.077726405106134,2,0,2.0236761835811854,0
37,4.33883908486633,6,2,6.032505348982507,1
45,1.4666538477032494,9,1,70.01876397487192,0
64,3.687899749570713,3,3,62.90168860096966,1
24,2.097719920955206,4,0,8.332076778363163,0
61,3.7990530026313225,7,1,3.035753914488423,1
25,0.6718959698564275,6,2,43.22262463328482,0
64,0.7119361867023427,2,3,50.494208709471,0
52,0.7747521095750982,7,4,7.2686116905072335,1
31,14.052058751363921,3,1,32.0865301874767,1
34,6.600640546175586,3,0,18.252029725174882,1
53,0.8859650196338142,1,3,133.9044130625638,0
57,1.0434246868592965,4,1,12.371799603834164,0
21,6.562050889055683,6,0,66.07417995902915,1
19,0.8489846606615701,5,1,36.50445160241259,0
23,1.3365306838166913,3,0,0.579394653644965,0
59,16.531277187386547,6,0,36.38678460133284,1
21,1.4739129392840133,3,1,5.238709374617099,1
46,5.418111269216672,3,3,53.80276053918701,0
35,19.229137274111892,3,5,41.68067454107733,1
43,2.344395446008198,2,1,0.5240985877980735,0
61,0.08835605528874257,7,2,11.451343053473769,0
51,1.399543751925928,3,0,74.85572162491529,0
27,8.885650747552809,7,2,16.132493363101798,0
53,9.99793589397322,3,2,34.58575044668011,0
31,7.316295285027378,5,1,18.698221355534073,1
48,0.6001705694702274,1,1,127.24994162219798,0
32,7.936190110636367,5,4,38.455753672166104,1
25,12.546681000012077,3,3,59.56492565406389,1
31,4.589078752448708,2,3,4.358356984933698,1
40,14.140537295238246,3,0,2.0586021396643583,0
57,8.76766404929391,9,2,15.003132833514096,1
38,5.497636290488627,3,2,18.490490944865567,0
33,4.304105538476792,3,1,58.18643542663371,0
62,2.1429548104529,1,2,42.09750126223991,0
35,0.8675273362881017,3,2,23.466561322757265,0
64,4.643764347339551,6,2,53.08280556159386,1
41,1.9144460143622557,2,3,8.930367988745072,0
43,10.065972436869899,5,4,3.27973766116794,1
42,25.055880220347234,5,3,96.38070958667896,1
62,6.980264356693631,3,1,41.49947421247767,0
58,0.4742007754950054,5,0,52.362026361291484,1
46,1.7032037327091054,5,3,18.353745454331836,1
32,0.577669512949689,3,0,23.257169586916138,0
62,5.256425224392764,3,0,4.297911886028934,1
18,7.244911422208653,7,2,97.24140246744254,1
42,12.996528173490496,3,0,44.87828842880432,1
24,2.88280071166823,3,2,4.36662578272606,0
26,11.58218543142947,4,1,81.61731581313086,0
41,10.514212464814205,2,3,29.359725269686347,0
18,1.9077350751864763,3,2,72.43005675919972,0
61,10.158998298501903,2,6,0.6350084452355012,1
25,2.3553990556627373,5,1,1.458038467421692,0
41,1.7610622538745213,4,0,9.363667361766865,0
28,5.2359089062935835,3,5,11.844160235890374,1
34,1.9903220141843236,7,0,72.18675304090752,1
25,4.974083086146443,4,2,61.32697027688144,0
52,4.7058868243783705,3,0,47.86711148144286,0
52,4.1441349952653574,5,4,108.07984578254914,1
50,2.3935648624143284,1,1,14.194382928117797,0
22,3.97589644814002,5,1,117.38168781560523,1
59,4.537713971811074,7,2,120.1042901367062,1
56,3.9448432286920267,2,0,28.481012319187233,0
58,2.9387084043303933,4,1,4.9571166798691415,0
45,0.07387840886311178,2,3,64.83363619269798,1
24,4.4222855525218225,3,2,20.543635592423065,0
26,0.9222854880508601,7,2,79.22007707767897,1
25,5.144162199905477,1,1,8.937813035331514,0
29,7.121940568454931,3,1,38.773762187398916,0
51,3.470190978287546,2,0,35.47132160450319,0
50,3.908402193077336,2,0,5.2855005345169035,0
40,15.12874754989924,2,0,22.575412461855066,1
41,9.392059107385421,1,2,4.428191622902826,0
54,12.280809784594794,1,0,31.25016235375527,0
52,8.403764398058456,3,7,92.54508757079365,1
61,0.5765960397586376,7,1,15.749564093171214,1
57,0.8066679025089347,5,3,72.37913243301603,1
39,3.739324260029964,2,1,10.131973676929407,0
44,1.4122765045786898,6,1,56.00225610750079,1
52,3.237958593362151,2,0,123.57232226618606,0
18,2.5073915964070874,4,2,19.57279101908405,1
52,3.9860342515402145,2,1,115.3354984749088,1
54,6.869373351519473,3,3,35.202411739535606,0
64,6.2849503246988,2,2,19.04875749758889,1
31,3.6827179770137652,2,1,113.41316178686343,0
20,8.640921964501866,7,2,1.628084558785658,1
18,2.8181625217110358,4,1,1.4209434511680554,0
22,11.35128122912273,2,4,45.79324165488741,1
43,0.3697413786725595,3,2,79.66610299302454,0
31,15.467831481524954,5,1,69.62493993249157,1
56,5.316608191938466,3,0,4.140257416633243,0
44,2.3907799193492414,2,2,150.0384403144796,1
26,1.097962609524186,4,0,60.71185472527393,0
32,3.2617849353852484,1,2,148.90645977049485,1
32,1.0818224258781948,2,1,19.956592204555403,0
43,0.909597834472463,5,0,59.19856343263059,0
59,4.803195692397008,2,2,98.28377143630046,1
30,3.7020821176917447,3,2,23.93924142085529,1
49,5.544768404234724,3,0,167.42064422872335,1
56,13.268227527055503,10,0,15.393748597709381,1
49,3.7992157455217974,3,1,18.96163233015012,0
21,4.348611040782828,4,1,126.4922154945386,1
47,0.4695007371889947,8,3,174.7639974939614,1
54,6.322787510162058,5,2,16.78732738121942,0
40,2.5533382379257246,3,2,7.331702343863091,1
56,18.801928549514475,4,1,71.15941438688913,1
62,8.662945844824675,5,2,132.72447619761112,0
32,3.6957570706209846,5,0,45.90382172736309,1
60,0.6575110022678465,3,1,50.32704299888202,1
46,9.809743168286303,9,0,71.97280350532836,1
53,8.04171994053831,3,4,8.307736482654326,1
30,1.0202912587356423,4,1,181.471875853891,1
49,1.7497614529076568,5,2,22.653737515773393,1
24,7.88502927158306,6,2,49.47539699756716,0
39,1.024237537727626,5,2,31.613519691692904,0
45,12.490110766381976,6,1,31.57260175226501,1
19,2.7628185325532177,4,0,60.65814052178138,1
59,0.4553103732011944,6,1,261.6480109562061,1
62,8.457271928417574,1,1,53.802416587700165,1
23,2.3381098026651683,6,1,79.00830989339339,0
45,3.7380083223234917,4,3,1.400227484908918,0
45,0.5956316246409842,11,2,83.14915255943015,1
61,0.012936795868905344,8,3,17.832024495778036,0
61,5.080351000085615,4,1,6.773912614021603,0
37,3.6198381461511664,1,1,6.014350706207703,0
47,4.501331177437549,2,3,56.95215769847274,0
28,7.893182189374771,4,0,301.96631397173263,1
45,5.200857260909065,5,2,54.859929176948384,1
42,0.9604865779624584,3,1,15.214165687387446,0
56,2.2374744641187645,2,1,11.364228864654342,0
50,11.816513537520603,4,2,37.32287267546596,1
18,7.3471778263506815,3,2,3.362539098396012,0
44,4.066832810278326,2,0,25.485548338614667,0
30,1.4761860223420398,4,0,54.86589194236275,0
58,1.7981142941150206,3,3,171.57603993146054,1
20,6.5830592323891235,5,1,27.72611576978899,0
56,9.524895967010789,5,0,11.17117580049007,1
23,5.564945754245562,3,1,85.01257179592449,1
25,8.291302249559308,6,0,68.16787661873795,1
44,7.276210493849931,1,1,98.20000028813467,1
26,0.8108535856946071,6,3,12.085665825723078,1
54,2.75775905980706,4,1,25.945594470797435,0
50,0.8301772958149239,1,0,199.64657322103804,1
59,1.3409372328634548,5,1,8.601276351000411,0
61,10.172708949222253,3,0,55.65343694428692,0
41,3.201748763258207,1,3,13.536951758960619,1
32,3.832441407862795,3,2,34.67326218508763,0
49,0.9827878396286533,3,0,80.59946968370916,0
49,1.8718077847921344,1,3,33.52879717172089,0
41,1.308422572530417,1,2,81.86144992815743,1
58,1.1545315467750648,7,0,27.785475594814514,0
29,5.080013836320112,1,1,367.1527938403548,1
56,1.4845145880362378,3,5,28.619826229742117,1
19,4.998572116379423,5,1,8.089458535226894,0
20,0.30116363053964446,1,0,25.69731737892501,0
54,0.764441347254709,1,1,67.85487532396125,0
34,1.6047484634542077,4,1,94.1732676761646,1
19,4.544675714543461,8,2,30.818872624692577,0
19,5.632609494473467,7,1,45.128864749723355,1
45,2.923410147385877,4,2,93.1810586812108,1
40,2.9510662646293433,3,1,83.97858422458339,0
54,6.446144094305377,5,3,53.60687866702912,1
49,0.07973790572623914,5,0,84.37729870507263,0
50,2.085841807555955,2,1,42.8905685175691,0
18,8.53820543535613,3,0,0.2329502627446277,0
36,4.621859108181329,6,1,2.1071216500605896,0
19,2.05661465416431,7,4,195.12442824579136,1
61,11.79708915798945,4,1,7.832225124475854,0
43,7.405723237343535,2,1,25.919072263288484,0
49,1.5387127061408787,7,0,135.76225739579712,0
23,5.182271333564202,3,3,10.848102606217907,0
49,4.528617909298847,4,2,92.82813149826005,1
21,2.5640372150235855,6,0,85.26099141830828,1
28,2.2860773705125177,3,2,214.6263178998943,1
34,2.104623532146552,1,0,16.54213397313427,0
55,4.800635588515437,3,0,18.940576245620733,0
41,2.9206561989094326,4,2,116.58936848467877,1
22,8.91488414637507,3,2,13.33381625074753,0
51,5.537295777238303,3,0,39.69270007218128,1
23,0.3624857664550684,4,2,61.43803493457902,0
39,5.110593225784038,2,3,15.864761983271833,0
28,1.5814190614197416,2,1,139.3651791925987,1
33,4.492401316150505,3,1,54.78545755374081,1
50,5.699233264496768,3,1,2.414328234013012,0
26,1.3122110670282314,5,2,7.293938652402152,0
23,3.051928352111501,2,2,10.584319924011817,0
33,1.055610884862699,4,2,14.049052989785729,0
46,0.26879152271193635,3,2,65.59226250635591,1
20,2.3779071694653324,4,2,4.6570651375254535,0
37,2.254490709542394,5,2,21.58491076379006,0
53,26.996759269600496,6,0,121.17176073970752,1
36,2.956134037845248,1,1,40.671782322268605,0
43,2.029097475520596,3,3,15.428030257353292,1
20,4.343160880525504,1,1,157.3932620769391,1
36,0.4647854201277945,1,3,14.006591832210392,0
37,16.30705580071041,2,0,117.7463791258462,1
49,5.0387423362812545,3,3,64.68934592301592,1
24,7.029176640053994,5,3,67.45398234704412,0
58,0.9345278658497892,4,2,72.39557893016608,0
50,2.63374069276518,1,0,35.31864399682852,0
57,2.7468717965010416,5,1,84.25624429767919,1
56,8.62442462830174,2,1,90.45334850938873,1
35,0.006187225394291128,2,3,22.35239472880843,0
57,1.789472067042037,7,1,25.569999285376387,0
18,19.879175444241866,2,2,109.80178755607245,1
28,3.2207046606559797,4,0,37.19353296400882,0
45,2.4105938524263872,8,1,100.8490699219043,1
42,0.6381953724886684,2,1,49.277949263467534,0
40,18.280053712919944,3,1,45.016902357847435,1
48,0.10114800740512962,1,2,1.5735505612275287,0
47,6.681433739469011,1,1,16.27919437031465,0
59,7.318033103061611,3,0,34.86354827448937,0
52,1.396299632924015,7,0,44.25379761662839,1
24,5.566981837137001,6,0,49.771368309990336,1
33,0.487673555288127,1,7,62.978297194404696,0
43,1.4856142597174895,6,0,53.38962170994061,0
19,7.753533958853458,8,3,94.38380508499564,1
18,10.000793472836083,3,2,17.51124259237088,0
29,4.688675291518414,2,2,51.30109280179725,0
22,3.5345921706366394,5,1,2.6257290556955106,0
54,0.867625916590504,5,2,32.71460337709209,0
49,0.3259418376321581,3,1,15.600990074417853,0
26,0.6258268761326533,1,0,23.973385499094217,0
58,1.289692812375332,2,1,21.89911166761033,0
52,2.0902789600071263,5,2,3.1166837946199393,0
36,2.3975192731866106,6,0,31.42847682982555,1
33,2.125700247488559,4,1,261.33973946116697,1
20,1.3659731680790042,2,3,17.757808952060667,0
37,3.563936422186178,4,1,66.61796258699518,1
41,8.723027735804484,8,3,39.68024615935599,1
50,1.640461997978668,3,1,19.668821119560853,0
41,14.270036869311106,5,0,4.69394854521129,1
28,10.331112960211378,4,0,12.158251301569264,1
25,0.8822792368791312,7,2,76.1294302286957,0
53,7.715348068300093,2,0,16.357206370642093,0
55,4.273478579538955,5,1,7.79191662964497,0
57,4.180186718569846,6,2,20.12086340927997,0
37,2.480036161120012,1,2,43.85866372994553,0
52,3.477279209163777,4,1,60.77919165756419,1
42,2.530673030979691,3,1,24.499284328643757,0
52,3.8797384740094305,6,2,34.47241719275696,1
42,4.943635834908681,9,2,30.34083186731938,1
46,5.608951268121961,1,2,0.45220625022041216,0
35,3.801578506215918,3,1,25.17599171243663,0
63,6.390287143507564,3,2,44.254117238094885,1
35,0.7615504944540981,3,2,42.19207560417578,1
19,1.1911748485195055,2,0,69.26825132110855,0
52,8.538976262639205,10,0,55.49011981730706,0
33,1.9469351139761926,5,2,16.2039434307793,0
58,0.11579979152872216,3,0,14.761771136282928,0
53,0.8349454091905708,7,2,31.194285076815277,0
50,1.2655300971593155,7,2,66.01965114977959,0
21,15.770462593611558,9,2,4.926269012989499,1
50,4.255341468589158,7,2,148.14059041760504,1
31,13.4952595726546,8,1,39.170350352448416,1
38,4.280252690251994,4,0,18.293597850552707,1
37,3.2634288805457556,2,1,59.109135589195574,1
25,1.882403892042975,4,1,2.2878438148669757,0
24,4.66173148245724,3,1,33.12090130666666,1
20,0.7494539737780366,4,1,33.27364818218099,1
34,11.426753671680467,3,1,8.835384299334658,1
50,8.840187520001187,4,0,90.81935759844981,1
29,1.9101941522984713,6,0,79.68121021153878,0
39,15.266545032169855,1,2,8.286934453761793,0
39,8.720586030097925,3,2,22.614260075216794,1
63,5.487667641222704,4,0,5.291895737003368,1
47,0.6491877513418166,5,2,94.3943889373973,1
55,3.252680558202134,5,1,19.52784723475756,0
55,3.527187539305063,7,1,28.92991805469193,0
62,1.323418590983834,2,1,19.568639891547683,0
25,0.416719974098126,2,1,18.555069356167614,1
44,7.4967247480629045,5,3,68.77805916502257,1
44,0.6507430441844257,2,2,68.83031891302032,1
51,4.51059255157866,3,0,36.46858905719819,0
38,13.779576409804184,8,3,53.59125687384623,1
47,10.441612004069965,2,1,35.83749709189391,0
50,1.6269378619313113,3,2,1.4502920695242796,0
45,9.534122527323618,9,4,3.414286424821434,1
64,0.0016628070645326948,2,3,24.204362536027624,0
50,0.08923054166893067,4,1,69.26401549785916,1
22,4.613470496745605,3,1,122.22254352119921,1
36,2.269062827196826,6,0,1.5079268276687592,0
21,2.442555941383408,3,4,22.945671884276493,0
52,4.155626117957697,7,0,12.666121613235276,0
34,1.0646200928511849,3,2,84.42548489590439,1
61,1.1897338430552984,3,3,93.52979225338383,0
45,3.3140752998351557,5,3,11.559344854041408,0
47,7.017274713089108,2,2,62.03655152324053,1
46,4.83131596062579,2,0,65.79292019870498,1
63,1.7645178101469123,3,2,9.743459310459572,1
23,2.81355316335694,7,0,28.431204797176342,1
52,0.9356540650502976,2,2,48.42366916583431,0
58,0.387807104059956,6,1,1.3206181309512626,0
54,7.632290858281648,2,0,25.925405687128723,0
41,1.5420600302976792,2,2,8.418461219107764,0
46,0.9786536230434755,3,1,39.03300701561033,1
63,5.882080924757292,6,1,92.5492332630634,0
48,4.8123497626444225,6,1,37.1961292565198,1
52,5.014551282968629,5,1,1.8323484067667588,1
50,1.2996510773513568,4,3,1.505295742252438,1
38,1.3240322214699245,5,3,46.507205656824695,1
49,1.2474545082053836,8,3,19.87347480826556,1
40,0.9543051465932877,2,4,42.50952741393287,1
50,5.3315533331317235,2,1,8.934633991948775,1
20,9.419896359084856,2,1,74.99832230437949,1
35,6.442526638823699,2,2,98.56334353778402,1
42,7.853337314722969,5,0,110.0129798558447,1
59,2.5942757808047903,2,3,18.125639612586994,0
48,5.307677948453637,3,2,54.04874248281719,0
20,2.186607696830129,4,0,16.35874663938542,0
57,3.7275170084663656,5,2,71.93347956873095,1
63,3.2853767779967527,3,1,6.421507149078347,0
41,0.9733098075692332,6,2,71.93516358851379,0
49,2.4475941735963724,7,2,28.966701851047667,0
64,16.59655847184531,1,1,96.7409162228878,1
39,1.4289543609274191,2,1,67.1485001236373,1
40,0.718218818126195,4,0,23.621900753714918,0
19,2.711414804363123,5,3,116.93092095078548,1
44,7.811286544567083,6,0,16.65748785796759,0
59,4.363142630236245,3,2,170.54516374505536,1
19,5.712426339158911,3,0,72.87950495613082,1
43,1.0517218580613956,4,3,233.75201820545644,1
34,4.824099683708484,6,2,2.770594334083712,0
57,1.9541170756413129,2,1,16.01274576792206,0
50,8.987983341515607,4,1,67.59740167804826,1
26,4.96179473963115,5,0,127.71264427456363,1
60,1.10857459756942,3,0,1.4596405428799495,0
56,0.33399432813105656,4,3,0.00046480093962965926,0
46,0.217843447882432,6,3,14.802020596385157,0
59,2.321368922222594,6,1,95.79091116692992,1
43,1.5452172991667315,5,0,72.86870660693154,0
52,5.193564921565877,4,0,20.796796478944714,1
42,3.459078686406495,6,1,0.10066448268225635,0
41,1.546362575125212,4,2,40.45099795328708,0
30,0.8081129974911667,1,1,13.587514429337833,1
24,0.6802428628267022,3,1,68.44412722182382,0
53,9.999840228144086,2,4,29.561097732384845,0
62,1.3951181155873682,4,3,56.75374045217212,0
37,5.273608365842048,4,1,95.6315936910071,0
18,8.32173943213004,1,3,38.367659362552814,1
25,4.7606429122247365,4,3,20.47030875063529,0
63,9.815060901026744,4,2,73.38466770994404,1
33,2.4911408754114897,7,2,15.406978010553898,1
31,15.64314112901883,4,3,111.05892706882332,1
29,0.7144178218804793,7,4,3.7053488164074277,0
40,0.5387586932010129,3,2,90.23270476927992,0
32,5.374852059645732,1,5,4.801086644811944,1
45,14.308729795770764,5,3,2.8887114865956964,1
51,8.274359442497612,8,1,22.569453005712525,1
19,0.3974722785783309,6,0,156.80647853226313,0
49,1.6381313862575542,2,1,205.177502727373,0
40,13.31912971258175,1,2,11.286751625527431,0
39,1.4588416010157208,2,0,8.045866852013464,0
42,7.597310214605654,2,4,21.766842828219957,1
39,8.718624979139298,4,1,20.555563954810292,0
39,3.420462525322484,2,4,71.27107354220418,0
59,2.4416438471809485,1,0,29.349261174310513,0
23,2.9903163355756095,4,2,75.67993584155495,1
32,1.2871527895648174,3,2,69.0579976441021,1
60,11.008765303080049,3,0,43.17429260283902,0
54,2.9948214225040792,7,2,89.6416321661682,0
50,10.70485908676899,3,1,10.885898978709776,1
25,0.558533494667072,4,3,8.825553261782433,1
61,22.230275389672514,4,3,69.44493918483258,1
61,2.9284022097314217,2,1,14.03843870019391,0
22,0.2450627515460369,2,0,0.13991476997604285,0
56,0.19381769919940453,4,2,121.49829689351073,1
21,6.8561865969490725,7,1,48.76715753250346,1
23,5.379885065021632,3,2,29.433745784718486,0
62,8.100739251299633,6,1,64.68329961865149,1
49,0.5567114875466499,4,0,20.273135389198696,0
47,0.18109462374251406,4,0,153.59402391960458,0
64,3.5522733688342645,4,2,3.554411597578454,1
52,2.4518091431169373,5,0,51.21442926013189,1
57,3.0989904648045603,4,2,75.0941240122328,0
33,23.890723139595135,2,1,31.661520026668498,0
30,17.65937129074372,3,3,70.31839568912298,1
59,14.263824299083502,5,1,130.8034582092314,1
47,7.658743940585317,6,1,68.12770046574258,1
36,2.1912951966888743,3,0,18.507325912656892,1
34,2.6562551319659384,3,1,41.25928437256463,0
36,3.988274119183352,3,0,121.29615524612456,1
45,8.875528277253848,3,1,29.80989228908583,0
43,0.35593799347513266,3,1,57.237810809833825,1
54,2.7608158902391478,2,1,31.322554912447746,0
43,0.4311547541482782,3,0,6.468099516056319,0
40,3.6145031504273857,5,1,3.0192319366610505,0
26,11.458266516983969,2,3,152.1139055156894,1
29,7.627435592528387,4,2,47.40736191884251,1
18,1.2928331371700472,4,3,5.4804158582048474,1
18,18.646601272904483,3,0,97.39911017836006,1
64,5.503327946936278,5,2,36.97978376256844,0
51,0.05241224397094305,4,2,73.90559705067668,0
49,1.474631138397999,3,2,6.777024511246693,0
42,1.5103473823155538,8,2,118.70965753520903,1
57,0.35884596461860263,6,6,44.645246161209656,1
62,16.072740773272102,3,2,67.02031176089866,1
18,3.2528844040104583,4,2,1.5941289388718565,0
33,11.307916247088343,5,0,18.939082479512077,0
56,1.9446294662776922,4,1,15.560871063532716,0
22,0.6689918294811602,8,2,149.38324044954422,1
39,3.2154663135205075,4,1,10.249133699596769,0
46,0.6049469227856185,3,4,61.38796136183552,0
20,3.327810877083699,7,1,2.1847192186918862,0
29,12.647251632131407,4,1,11.012642028256675,0
43,3.6778537620434983,4,1,20.66962391111175,1
33,4.792074730185483,8,1,79.11688511310727,1
54,0.8517975627240998,5,4,78.02681154838585,0
39,0.22360431097429095,2,0,152.45861641671874,1
46,0.5872102562522861,6,0,124.30587072352226,1
31,4.5631319649137705,7,1,4.251463227016091,0
45,0.499166312145431,4,2,88.55895197337259,0
22,2.3579675817640138,4,3,29.99865307458416,0
64,3.993560146107868,6,0,100.45328854771552,1
47,2.460451150945155,1,2,4.676332396376649,1
63,0.893742547476313,5,0,86.51509426429338,1
22,1.5995892512497303,2,2,8.696395252849733,0
29,13.17754545971308,5,2,20.311392201063637,1
33,5.6347852985284295,7,1,1.463634773635595,0
43,3.4263696671570814,1,2,6.603941729875203,0
43,0.06398208000343096,5,2,29.504796146474554,1
38,24.408177338847246,5,0,85.28046544843517,1
56,5.565406329876056,4,3,74.28800787784942,0
53,1.9057346134853224,3,1,13.413437600291406,1
50,10.570937662673368,3,2,8.225483666246701,0
47,1.4949395178673264,4,1,24.654480622333633,0
54,3.926494139928126,2,2,107.39387721787242,1
40,5.053979180479155,3,2,4.793896125951373,0
27,1.249127930842529,1,5,39.14418723079627,1
22,19.174679953865606,1,2,4.650053759147141,1
53,6.895440066229675,3,1,31.763929058029415,0
51,4.080114597217871,2,3,6.7790466984962094,0
48,0.995881607381408,3,0,4.187395485697545,0
27,0.2768141713395642,5,2,10.588507038817264,0
36,1.928752368423451,2,1,14.73573849116213,0
49,6.995628375563046,5,3,16.16652497761876,0
18,1.5689756720781654,4,1,51.81962777378495,0
22,3.877822582532093,2,0,2.8275586218633597,0
62,6.50879514172671,4,0,4.213070439503848,0
21,0.5711302411036732,5,0,10.456248709282939,0
33,5.78064585441472,3,0,102.81089322363499,1
41,0.4818435816877039,3,0,49.524444682484805,0
33,16.780605115268422,2,0,65.53516830860626,1
19,3.3510036783127184,3,3,23.13052374888713,1
45,0.8165733342396507,4,2,11.990352793999056,1
49,2.095667755862838,2,5,1.935033190190897,0
44,2.667200822949978,5,0,33.52386671395156,0
37,7.097911768959495,1,0,42.69878453724717,0
41,6.801647641000815,5,1,113.652671050061,1
29,4.732983071771434,3,0,106.89294603082631,1
52,0.5598600204040609,4,2,27.641891877640965,0
50,0.8218347778072013,3,1,27.545756223929136,1
50,0.4922385470840931,6,1,8.784553161960366,1
60,4.303958272559376,1,3,14.883185371147006,0
54,10.483485491247595,4,2,129.95771114479493,1
29,2.844044055144115,6,1,7.601413990176222,0
20,0.8768181408426159,1,1,173.2061350253691,1
18,4.082705798725675,6,2,35.13347372343475,1
50,8.349980942752717,4,1,30.49610247169389,1
57,6.768401378616762,3,1,9.596683112182266,0
27,10.662135216266952,3,0,54.1676528316573,1
60,1.6279727495188805,3,1,30.79500516145608,0
61,1.0780715073649247,5,1,23.154425130146077,0
46,10.593677102732965,2,0,15.361339514273126,0
30,5.358298662443914,4,2,3.4400089498923667,0
29,1.8620543190348349,7,1,36.628519832091996,0
48,6.780728190259081,3,2,18.764378244371354,1
63,8.44019787423806,1,1,61.526997484084625,0
19,4.772277138485035,5,1,64.2812658762211,1
52,5.82190358723917,2,4,20.181365759562812,0
40,2.3520978142119424,6,1,55.30007865048038,0
34,3.86848648093189,2,1,14.965823873593372,0
43,3.7133593647706817,3,3,64.94600231107098,1
25,9.420946114543753,7,0,0.8103892473825598,1
46,9.16178182924192,3,2,8.220669494838036,0
43,8.939249687491973,7,2,14.05245012620028,1
27,0.05546456878785035,2,1,74.1260551790046,0
43,6.922389748350023,4,0,3.4340881238408145,0
51,7.108082332957142,3,0,10.416265766536636,1
58,5.671904472571355,3,2,22.206978753458436,1
24,7.0583615292582556,5,1,0.46086718241883406,1
21,9.224863706812629,5,1,71.79965172156594,0
62,3.177402212876575,6,1,41.06097785784246,1
28,3.486280186696435,2,2,115.47010732966838,1
46,0.6660232695408157,7,1,1.576134646718685,0
53,2.433721949882433,5,1,15.830880400172365,0
42,5.155214668265648,4,2,65.69899333828077,1
38,7.5797327499075005,1,0,56.219497726075716,0
53,1.2244483275723976,8,3,13.92339538450612,1
27,0.7414728800477295,1,3,45.278388316634214,0
54,5.438984994164921,5,1,78.9351680216389,1
26,0.00940826361775102,1,0,1.697527816299553,0
41,0.9823412613127267,5,1,63.22656669528441,1
52,0.1475116279532641,5,2,14.524103781158773,1
52,0.9129186629243455,2,2,147.68279030347088,1
53,1.0003055615788885,3,1,38.63335855781308,0
35,2.452448983674687,3,4,1.6978112428882364,0
56,2.573558529780538,6,3,25.82798651740873,0
49,10.36779322391335,11,4,169.53046897479106,1
41,3.5678690800316195,3,2,65.535786576725,1
40,6.426000445780909,3,1,17.867973457666398,1
49,0.5498408950468257,4,0,42.81476178565515,0
54,1.2772927301325863,3,2,45.70233203900709,0
29,6.069163619472696,4,2,1.1812523721835255,1
30,0.2712459804951291,8,2,9.85146098308144,0
40,3.333477285381071,2,0,40.12321324639645,0
42,4.573571945564143,2,0,25.771188828527862,1
52,4.608346402501863,3,1,10.53838584991016,0
58,0.11599929425785581,1,2,74.06735037455722,0
47,1.9438365100209698,3,6,33.56878352937229,1
34,5.059751315398744,3,2,18.55123790211698,1
37,0.8067142018045923,5,0,8.817611223043375,0
42,5.944036066046295,4,0,47.22979896661776,0
39,6.850633009085254,4,3,54.86984677465897,1
30,20.078366711973597,5,1,55.37214064836672,1
36,1.177611735044157,2,2,12.441491890245441,0
53,8.718581281675416,4,2,45.23520672750742,1
29,3.6729361731009185,7,1,117.90830720717618,0
58,2.3377340177287773,1,2,21.784949066883925,1
36,0.652689430056336,3,8,11.834680293292008,1
29,6.649676122293348,4,1,73.9532818580551,1
26,1.3450055931421092,2,3,9.732842644518017,0
24,2.32147578310053,1,1,14.634644978154135,0
45,0.3229178208792663,6,2,5.303838289183794,0
31,8.081479771168276,2,0,15.590154020396369,1
48,7.27476195704014,2,1,26.41004061213116,1
36,6.614078820811086,1,3,3.31542363252767,0
64,1.7794013738017445,2,0,102.67267316879185,1
33,0.9526562672026524,3,3,36.04388635231888,1
22,5.074388759766137,2,0,44.349174749127265,0
52,3.4275459631175997,6,1,23.203921413217408,0
29,0.9816103422793634,6,2,55.40817223752407,0
42,5.7903987835836,3,0,28.26248331025354,0
38,23.623391443069693,5,0,71.63027268963899,1
53,6.8761705143410214,2,3,86.13093061888789,1
40,6.735106452178979,3,1,55.714087582036086,1
33,15.010034885037726,4,4,33.79834248026928,1
56,1.1341038172392288,4,0,76.22482666697344,0
62,4.1683716747723505,4,2,34.08913126264348,1
59,19.472564783622484,1,2,5.9115889371133985,1
56,0.9033792244258932,3,1,6.184157917417898,0
31,6.024065110125285,2,2,148.38945688022233,0
48,4.407154128328381,5,5,12.012133608163051,0
22,4.41523601385278,4,1,84.62059734768158,1
52,5.981191092846788,11,2,14.164945114628852,1
40,13.26901213235672,4,0,28.1744220618013,1
46,7.629666171922588,3,1,53.2030236772078,0
60,0.2888665028943468,2,2,8.650284599931615,0
28,9.577370983985423,9,3,66.82694521907375,1
35,1.2779549195674746,1,2,58.545114360634365,0
64,2.365354961879557,4,1,39.162664056887216,1
29,3.097001065632197,7,0,41.72283794017589,1
26,3.278351480665343,3,1,5.58971359329149,0
27,2.8562444476863784,3,2,28.630543637258203,1
61,13.851220901406563,6,1,4.527503102798853,0
34,6.121200828259658,4,1,18.39858932830949,1
55,4.987105985371028,5,0,115.28556928323562,1
24,0.255635108336767,9,1,42.72844156204123,1
63,11.712523425070883,1,2,67.8762961105775,1
30,12.005964079072463,6,2,42.65240258190532,1
57,7.575483360184072,5,1,10.798266202598793,0
59,0.035270125254132485,3,2,45.16975147367061,1
26,0.2949311574057507,6,2,70.40411566382309,1
44,1.2759046969202081,3,1,7.44849798206477,1
19,0.7040715764599099,7,0,84.8879737565475,1
22,2.5444377627304626,5,2,40.528134323241424,0
46,12.795332254404348,7,1,0.2142183487917954,0
54,3.193867302666047,4,2,36.67538973683004,1
55,0.06746626145203335,4,0,25.181867085483645,0
36,1.661624072445169,2,1,17.580568651826656,0
25,0.22809924363006398,6,1,73.75785689035634,1
62,0.18481196298925107,3,1,114.87981969301512,0
18,1.6128850910073096,5,1,71.91162250295145,1
39,1.6121429304084907,3,0,93.79160331750789,1
34,7.735288341984364,7,3,119.72457238561407,1
24,18.411436705791186,4,1,121.87977115050693,1
42,2.319766597812275,2,1,6.087941978613022,0
62,2.8008398918566053,1,2,30.475745129668862,0
21,9.314863041909797,3,1,0.014325771726881521,0
53,1.5608235061041662,9,1,35.30783033896031,0
23,0.8502763081208464,7,0,129.01183815645177,1
48,9.589662805768498,6,1,11.101102171852668,0
36,0.23808234490624955,3,1,51.052936261869,0
61,4.833966960258386,3,2,51.69449262471358,0
56,4.127600193772821,5,5,8.738744315282826,1
44,2.1226314750840274,6,1,13.625057027148133,0
27,1.893065760679076,4,6,30.996860513626938,1
43,7.388929183321862,3,1,10.425641242324476,0
36,0.4519468933421795,4,0,43.973112463860275,0
56,1.3510729999051092,9,2,33.134946565924004,0
20,6.592220371649164,3,2,36.615005365825624,0
62,3.9739130341143483,5,2,7.220520777436036,1
30,0.684761664203572,9,1,36.41300695069739,0
45,10.691102945072824,5,2,2.537208630396255,1
37,2.4998228173415344,1,4,106.65701181481897,0
45,8.797479175379111,1,3,21.02256898109582,1
25,7.749081096976928,6,3,97.01436305058131,1
58,4.896491414014264,4,0,60.4754665898711,0
56,3.4108495720169425,6,1,72.65859984277525,1
18,19.44906745900083,8,2,18.88358451197267,1
20,0.7830647993099954,4,1,12.921954989980545,0
30,6.457753118589151,5,2,26.106173053209403,1
45,1.0609605731835303,6,2,1.2262067878254825,0
42,2.0644362106222287,5,0,125.51471646810847,0
50,1.8458978912954638,2,3,24.470680784606934,0
55,14.690713050012787,5,2,223.51712788260642,1
23,17.110498268336208,6,1,71.6586959525764,1
61,1.010675439464433,2,3,4.19707794709583,0
62,0.11140780409011192,5,1,53.968178655661745,0
49,6.364971946538313,5,4,15.793047347125505,1
62,2.706337678225438,4,0,13.967090505414316,0
64,0.46518517476571764,4,0,14.823540351110251,0
38,5.756176105432347,5,5,123.8916158155315,1
33,3.9384490858723042,3,0,34.65537667443253,0
38,19.691019262234477,4,1,55.35302857797512,1
28,1.2900305980581885,6,1,16.491067947103076,0
54,2.587387461741288,5,1,37.007165542984346,0
53,3.910392579949402,3,1,21.546849337358694,0
52,7.843879376412155,5,2,19.36694723495377,1
36,3.979651289116854,5,2,14.182434074024716,1
37,4.745363184775967,5,0,26.297546711091492,0
35,1.2818670628846107,1,0,53.944911298509815,1
64,9.383931548284787,4,3,12.55425119126303,1
58,2.798596252429102,3,0,168.2586851367657,1
31,0.7596967935486664,2,0,6.6543846373317725,0
32,5.456017724148689,1,1,32.7162511603427,1
48,1.21730819624334,3,3,4.4431025864466305,0
18,0.5132792729848477,4,2,1.1463063919705125,0
20,9.902033658443894,2,1,127.98839800966032,1
33,3.0824333718666397,3,0,83.13792458474045,1
40,6.917166543098714,1,2,59.23390306467097,1
28,1.7165910028876676,4,0,100.19474655597556,1
29,7.731614557236492,7,0,81.18912097757024,1
27,0.5935569216896331,6,1,52.09804397307014,1
49,2.200076043467087,3,0,93.97786438418879,1
33,19.097633443567787,3,3,24.78047832323352,1
25,7.899145954474425,4,1,40.23208277532034,1
55,3.438370230758412,4,1,74.87485166697371,0
29,2.075891682443007,3,2,4.43052453979787,0
41,10.283928669257191,2,1,97.82420635873893,1
45,3.935616602885518,3,1,8.529361051606545,0
25,7.10287684532987,7,3,99.95440672224251,1
45,7.014307818708615,2,1,18.649862377217687,0
53,0.09054327508789524,3,1,19.78436678304915,0
43,0.6748265740993522,3,2,3.8412817681590576,1
25,5.388600781296175,9,1,108.53383629254556,1
45,0.8814179778398228,1,2,9.588930851140846,0
45,1.4751674377514261,3,4,49.719357640500235,1
54,14.6532776926107,9,2,51.63667694693831,1
58,4.106974307317302,3,1,16.505232876603817,0
53,6.946083274306854,5,1,212.23846071483462,1
44,4.082009102195324,3,2,3.315870086318351,0
34,4.020545829127623,6,0,46.808349495469145,1
26,0.494418291089827,6,2,32.652489460948985,0
50,2.1054059794763575,5,3,14.083946845514623,0
37,1.6594301376743361,4,1,8.929528957133815,0
30,2.4774553862020903,3,1,66.79610258564935,1
45,8.005964684869157,4,1,124.03470145607298,1
46,2.3255395078417345,3,1,5.689030039735787,0
30,3.0046344772151192,2,1,10.782349301995362,0
63,2.5323538536356254,3,5,214.40768270479933,1
52,0.4903136689021209,5,2,0.7568328802919408,1
23,2.908674493432519,4,3,35.4894413557926,1
35,1.0883507452613432,4,0,36.29517803889479,0
22,1.033419388687295,7,1,15.269328827343484,1
64,0.4937791205107609,2,1,54.38790254739959,0
42,2.2054949066543905,6,0,144.96741209676082,1
19,7.083394347476686,7,0,29.91130208989344,1
27,1.6178707131566594,5,1,69.19875371753467,0
47,1.8723699267944427,2,2,51.93284290324415,0
62,5.145542945793988,5,2,32.022221033249906,1
22,1.089790175532886,1,1,2.5547867374609834,0
50,11.363089658262355,3,2,67.69132078674751,1
18,3.671830886579494,5,2,22.569021889666608,1
35,2.9674409013555865,5,2,12.712022356678924,1
49,4.080193370186784,9,2,148.084564708505,1
64,0.9078151032734049,1,5,74.25112808575476,1
28,4.75276957188264,4,1,163.86324023196522,1
38,2.2557188909918695,2,2,14.800293107841398,0
43,11.374185323967643,5,1,90.33147234223847,0
42,0.924750281436188,3,1,46.789149410420336,1
39,3.536748846343389,6,0,199.5091994290342,0
44,4.5579170108926315,5,0,146.23289440214188,1
30,0.1697677743790245,5,2,180.53677960728024,1
50,2.2603716188331213,2,0,151.58623324106608,1
51,6.595706953815967,3,1,0.38451810334197095,0
58,8.584489470172212,2,4,67.56285202949537,1
52,1.8782840744066522,6,1,15.868217318844064,0
18,8.012144474995681,3,0,61.04358880956645,0
38,17.172097440556524,1,0,197.15298819427048,1
23,9.720147355824006,7,1,2.0077457855673413,1
45,0.6257983143698169,4,0,41.84947253862499,1
34,6.730185005921103,5,2,66.39243533964667,0
22,1.9258632425305122,4,1,14.608525335270647,0
48,22.29064764663232,6,3,12.75248000794435,1
22,3.3214283802668083,4,1,3.1121515111301084,1
55,0.6530149848688029,4,1,4.931375948972167,0
20,6.458295645706075,2,1,53.46479873030417,0
40,1.9505027369876573,5,3,35.18115499775583,1
54,29.177703626837737,3,1,1.5266835789342061,1
54,19.506023141963155,2,1,174.76731374310666,1
27,5.337516423933524,1,2,53.36234860183679,0
27,0.695313016321224,4,1,36.22864883617529,0
36,5.805540450694644,4,8,15.922477824429022,1
34,0.4882322092324689,6,3,53.661686029584935,1
38,0.1490195807748474,5,3,22.641034291462834,0
31,8.656854034257726,4,1,60.61607164431958,1
26,1.1770482897906633,1,1,57.37520034801471,0
63,2.3823393975747873,5,3,4.866519684974043,1
18,18.14501955945284,2,1,119.98824053583715,1
62,2.05369873691718,5,4,33.37146216306731,1
30,1.758364384970952,1,0,24.956789096601376,0
21,12.517879175275606,7,0,155.57078732415306,1
18,0.5868755992458895,2,3,28.831294238016554,0
57,7.126889548787613,3,2,63.866781383509085,1
49,22.14163749278381,5,2,53.23032632235304,1
51,11.57814957838039,4,1,9.02456751718379,0
45,5.272994988151549,5,1,236.32608134696258,1
48,1.884831388109185,6,1,31.14415927846047,1
25,1.4673069105372603,4,1,25.10837505401062,1
56,8.553343305305534,3,2,126.04544685972141,1
43,10.59390292956034,4,2,37.670166774749944,0
51,3.7267824986473643,4,3,61.052042228772926,0
20,1.4008183052682008,5,1,93.62008318805036,0
29,0.5992313606411528,5,3,13.426296149915865,0
18,0.45607993538098013,7,3,9.28435580870467,1
61,6.3483813049782505,3,1,3.5483197511506805,1
22,2.7246594979098075,1,1,113.71606481739647,1
47,11.788368654440093,7,1,11.18012625277404,1
47,6.729051092279599,3,0,18.390697943065135,1
34,1.0613915737590067,4,1,16.83009707715321,0
64,4.756707202575025,5,1,18.162539267955953,1
40,2.8591227889595388,4,0,55.14022219856134,1
32,4.304868271732184,3,1,154.07928014756953,1
54,6.6983731978325,9,2,19.983106596340562,1
38,8.204536629504611,4,0,26.1826399556516,0
31,9.281084413289904,2,2,73.73376667528737,0
19,1.4649799957359153,2,1,28.311450474428874,1
28,0.15804986184145098,1,1,130.21341488995557,1
56,6.7218238162574035,3,1,34.980204152558926,1
55,0.5621702950546942,3,2,21.365206839060328,0
51,1.8910952936163463,10,1,178.0198860141313,1
55,0.01912218986623511,8,1,27.73729739950302,0
51,5.723325362246636,2,1,13.144586805032606,0
35,0.9144006326522691,4,0,9.782548893614514,0
47,5.325148879928824,3,0,266.76282284375765,1
32,23.983237950314763,4,0,69.91585591030643,1
44,0.37723364811799065,4,1,26.268189418439576,0
51,0.4010528402102445,4,0,87.53951701806017,0
55,2.0804575391720626,3,3,39.571763744275735,0
50,10.064020408706726,4,1,19.09154840681994,0
41,1.2137339060016126,5,3,68.00907616629055,0
32,2.234388102955023,1,2,68.50033419817215,0
47,0.3548244658654875,5,2,34.6742848109088,1
59,7.2017529499405795,2,2,2.310487683367478,0
34,2.623831244549219,4,1,4.007520363053436,0
22,7.119954829249032,3,1,77.73552732408618,1
46,11.69665226784328,4,2,86.7150282236616,1
21,1.324798604921592,4,2,56.705198941942804,1
27,8.23559584463417,2,2,91.33884695023823,1
34,0.30455960645560487,7,4,63.55684430300972,0
27,11.455624472243148,2,3,113.61958698909692,1
34,5.260101945403078,3,2,8.149379766003522,1
37,10.36637195407601,5,1,24.530037314739545,1
41,0.000942086530038576,4,1,31.191392214897363,0
22,0.9261152323708928,5,1,17.667153237918832,0
51,2.4695097637333414,2,2,64.61588043300223,0
23,2.3861717671870633,5,0,121.77087232253527,0
19,1.2856374904785541,3,3,26.592436715335328,0
30,2.4031954478595265,5,2,141.9723062856654,1
60,0.6896981130459219,4,1,36.36301433169333,0
60,2.6616180355934844,4,0,36.961192295660354,0
28,8.106396963188763,3,0,45.8419867121386,1
64,3.260698621985991,7,1,15.621357104053843,1
40,0.09082030601625304,4,0,24.173536781674795,0
33,2.736100034131895,7,1,40.28640200109598,0
48,0.13775542813809138,8,1,142.350861781955,1
28,16.942898212015137,1,2,51.45793714912122,1
33,0.6816992886399458,4,1,20.2569998897657,0
25,6.149673351870354,1,1,0.5261877139313851,0
21,18.01834101210615,3,0,199.94894627933766,1
57,8.744622199111184,8,3,33.960690895145255,1
21,6.008466607048191,6,1,139.43196904697464,1
42,9.14608905777148,5,2,39.85268589173601,1
20,20.031309443050947,4,3,46.502353422417485,1
49,4.855642254936876,7,4,62.224508912383016,1
20,4.095647772359108,9,3,19.35492068590066,0
44,4.94750855769701,4,0,60.02958644295234,1
46,3.8036611470600317,1,3,37.4110025172406,0
49,5.04051040491623,9,1,55.810300156601286,1
36,2.9877507365332923,4,0,90.34363329399328,0
38,1.2323371455939713,5,1,10.181088017540139,0
22,0.6405717509925647,2,2,47.537757053431015,0
35,0.35394170939258873,4,4,2.675910943280844,0
45,1.5279797523137675,3,4,5.385669015324725,0
59,0.2361056914354861,5,2,56.13411849791186,1
39,4.187060198396787,8,2,3.6789714594601444,0
38,1.6691777079580852,5,2,45.237600462877886,1
23,8.701572962128912,5,1,12.423875577305365,1
18,0.38570600095626856,3,0,18.126375306065434,0
22,1.2831881779775698,9,0,6.942217048483358,0
58,6.551226958420794,3,0,14.295348189346546,0
29,4.566579510150656,4,1,86.10004429807219,1
43,0.33332401369372855,3,3,50.92702753939381,1
63,10.48759813648376,3,2,149.54698353505293,1
51,10.488506722018867,2,0,2.4986480759975986,0
31,2.005433565489034,6,1,78.60999596321479,1
43,2.080652736324641,4,2,60.045073498522704,0
62,22.562206834321522,3,0,15.11558191008511,1
44,4.919853197927953,3,2,65.31258934504145,1
26,3.7891381115648173,5,1,63.03572111915171,0
43,9.105493949541664,5,3,30.748714354265903,1
64,1.6793944319426335,2,2,58.34021279257373,0
39,2.803429493717177,5,2,29.40161602500511,0
64,1.5583486171002732,7,3,20.439451013772793,0
47,7.783298711584247,5,1,31.413963215530945,1
60,4.2589487013667515,5,2,112.75144234313285,1
34,5.37679971220916,6,1,24.272824024861677,0
43,1.4538157360539632,2,5,25.84957782736474,1
53,1.243751244713648,4,0,46.876130524990764,0
18,3.3508130949800097,1,0,69.9182409302947,1
25,6.688773505292856,2,3,66.32978798438323,1
52,3.7247267752601534,2,2,0.9998675487062488,0
32,0.16595218260900751,2,3,58.14399560810456,1
64,10.145700935680892,2,1,29.942243433187944,1
39,0.33436966252566214,2,0,37.12632250411135,0
31,15.597922868541662,3,3,41.238401336971485,1
43,0.127317084089209,5,2,65.78613202711155,1
45,5.928216702304398,5,2,88.99144124482153,1
40,0.42891736701464767,5,1,51.959788469651016,0
31,12.077457785612602,1,0,41.49501309772582,0
41,3.1221486064156743,6,2,23.4018186631822,1
19,0.739738477308896,4,0,7.4179370651999115,0
62,2.0837605854963144,6,3,159.1967726352146,0
43,0.9005680326361293,7,4,30.980181241739203,0
31,0.9351546116868331,7,1,41.75999535613988,0
24,14.79298406625026,4,1,69.52980791708478,0
20,2.946153545724688,6,3,3.5431497922017217,1
64,7.7748022322817185,3,3,96.55487318038067,1
40,5.102780919688556,5,0,79.73380612383026,0
63,5.641642814666773,5,1,74.45592301236114,0
60,0.7060522259592974,5,1,1.111396341399663,1
64,1.3340696521197861,4,2,37.38215900266704,0
62,7.7264583213096625,6,1,2.7898220084940877,0
35,17.662149631851726,3,3,40.02243213707395,1
55,1.5236368929421396,6,0,63.37196412743854,0
52,1.584310250239355,3,0,6.496907104905898,0
32,3.2017977779071267,3,2,59.353015753507876,1
42,20.626177929713975,3,3,29.84939951655922,1
54,1.5664282957463562,4,4,83.44690554387107,1
45,2.6125675559048753,4,1,38.13439646738809,0
27,11.104104675801663,3,2,20.482809107718623,1
56,0.014626535816148804,6,3,20.172723796000874,0
34,0.20289118880553964,2,2,113.88804884647516,1
56,4.632610434078611,3,1,30.153587050711078,0
39,11.896259781517308,4,1,26.023086545312147,1
43,1.3646679098054995,6,1,2.034517987241054,0
61,3.171013019612538,5,1,22.65336156672766,0
42,2.9934168091617384,5,1,94.73183851232508,0
34,3.2025018009179456,1,2,71.56200410385881,1
30,4.871184428863523,3,1,12.481640900227323,1
37,3.1719746160635727,7,2,26.64134629200135,1
42,2.9662209224394016,4,2,10.943862999649824,1
21,3.215012722235927,3,1,154.19192175430487,0
27,4.468580354890314,2,2,45.57982317756967,1
20,3.8502219928587333,3,0,70.19335151100573,1
58,9.625402910688965,2,0,62.5547317403494,1
62,0.25381903344751194,4,3,103.4505518074723,0
35,8.95830951412943,6,1,149.1188709421069,1
64,9.287080679862655,2,3,1.6492110642698108,0
53,1.6767205167313082,9,0,185.0499902859016,1
64,3.1074076674248934,3,3,102.22011760225742,1
39,2.8860602653949723,4,2,24.14005107955338,1
51,1.232763565731041,1,2,90.72149846962438,0
64,2.527506176615665,2,2,66.69609910056704,0
25,0.2270153382106341,1,0,78.77945914101615,0
57,1.62741866929712,5,1,12.467384575606202,0
61,8.48266943184752,5,3,52.28634064954053,1
36,1.6743037910916836,7,1,1.3133947176101035,0
59,8.524423898475458,5,2,94.26916732444263,1
58,3.792157521142755,3,1,150.84061774767136,1
54,10.59559917575938,4,2,54.25373295921505,1
23,4.2757377434273875,4,1,35.940652781371554,0
43,0.1505861394440453,3,2,64.68231140975797,0
51,5.62611939763689,4,3,19.753067386501236,0
62,0.2294530917152472,4,1,49.22684533531619,0
23,2.994615396929002,7,2,63.46521564422596,1
54,13.255516573341936,6,0,7.697247302664404,1
50,0.9028391134519066,3,3,7.5450984510048125,1
39,2.4704354311659635,6,1,62.96338502340445,0
38,6.544080395703044,3,3,28.26255003769078,1
23,10.69632105975796,3,3,110.00210143878735,1
23,5.557621526779968,3,2,18.69388054599711,0
21,1.4931977964687781,2,1,2.1678611733201283,0
47,5.613621088026185,6,1,52.47339925089043,1
28,1.7600551922557928,7,2,57.63851991550568,1
47,6.336857295789797,3,0,40.326053550049814,0
48,15.399171534142663,4,3,57.49517057836373,1
41,6.389773557371995,3,3,37.09107374193909,1
26,9.934512459101736,7,0,58.98561036570883,1
20,0.010530296814115912,3,2,2.246594687971753,0
48,6.321660348884412,5,0,22.97474164656957,0
57,8.847668220808618,4,2,11.837847095144365,1
54,0.2070209111717446,2,1,5.230603047198892,0
53,10.262935938177494,2,4,13.334702574870908,1
41,1.4832389116375633,4,2,10.617019436011034,0
48,5.4724853686321655,6,3,180.83982636345038,1
23,8.056069418274227,2,2,16.88185998665804,0
19,5.43338666805909,3,1,13.13054780423367,0
37,0.48412298618165045,4,3,90.05247630500843,0
45,4.535682783160306,5,1,27.16022859307267,0
28,3.9879145833704674,4,2,27.362850401437814,1
21,11.529014727376358,1,2,29.31253423041561,1
32,2.5895846189000653,4,2,26.938498272882544,0
23,1.936267973099489,5,1,19.768223706676224,0
47,6.9284879848245495,2,2,16.867391971309733,1
55,2.660887524390639,1,2,106.8364494095704,1
19,5.193650417827705,4,3,8.81940052554349,0
32,5.198653079226236,2,3,9.987366551118651,1
28,10.948026287288359,2,1,42.39879956288712,0
25,4.565135346087056,5,2,21.053708379902677,1
43,3.487318516390264,1,1,27.36837469800257,0
62,0.7475566951325509,4,2,82.13593315888404,0
61,0.615007176821184,9,3,116.97856661831042,1
22,0.8380804621997928,6,2,78.16438997259579,0
23,0.9427957388592335,5,2,13.389283803795852,0
43,5.078858008763154,1,0,195.52942576269186,1
21,6.754274135702919,3,4,22.56313715740256,1
36,3.7750227405695833,3,0,9.260309336939436,0
37,8.830977134765195,1,2,34.60705488835439,0
50,23.70107174486932,5,3,64.6011941963979,1
37,8.574342961637896,2,2,4.347162491411823,1
29,5.935289583218183,6,0,50.2953086368078,1
64,3.8017015709905007,2,2,97.6238564264085,1
18,2.978769238991867,4,1,15.17577021478279,1
43,0.44083684560778186,5,0,59.06544772747865,0
31,2.5488704540587697,5,1,25.533667598033244,1
55,12.04721346484759,1,2,26.733306784702688,0
54,8.25188888998752,3,1,16.481765274119063,0
28,1.2170588868728747,7,0,48.96070076918594,1
53,3.142491309118465,3,0,22.39248278191956,0
30,8.483788572869692,5,2,88.86413923438027,1
60,0.3488116664419994,3,2,164.71422469474933,0
20,2.450154908009761,12,1,136.73589217048035,1
50,9.547354281752012,1,0,8.904229650347235,0
23,2.586716288783379,2,2,0.7145972514931208,1
27,0.40396093461008153,7,0,28.854356185385026,1
22,3.9102675978163104,2,3,65.26037135842547,0
40,9.893186768739316,3,2,189.61269346869,1
27,4.461474040711678,4,2,76.49029558648066,1
61,1.282720376769749,1,3,43.44046664858609,0
19,2.4244869242790963,4,1,1.3353186941283874,0
30,2.990306594855644,8,1,87.30318768431839,1
57,4.3287765746346265,4,0,9.748765987554773,0
19,7.12207972833628,6,0,2.8606185746707347,0
37,0.5205488111063404,5,1,94.97575833701269,1
18,11.020582849036021,3,2,41.76444742903614,1
54,0.06193047482866626,2,2,6.879931079069573,0
26,2.3105926697932713,9,1,24.432227893764075,0
34,0.13901631686936533,1,0,4.471168751920096,0
26,2.495920132302668,4,3,50.807046049685276,1
28,3.730763371974473,7,0,16.594048276753632,0
32,3.583935949118624,1,0,100.53090993784186,1
41,0.9053817441060616,8,1,22.142465681656187,0
55,5.188628060246168,7,2,34.1236044343286,0
52,0.2290598820317323,1,0,3.281537069969715,0
47,7.1754658494141585,3,1,16.12006803252001,1
48,14.653884883292477,3,1,56.469134706421706,1
22,2.075826216983984,3,1,66.64010019995995,0
61,3.6411718125116055,3,2,13.907836149717689,1
31,2.381398638541948,4,1,35.04083569131765,1
28,0.03366503102100511,7,1,85.05877799813946,1
26,2.4377798952068406,8,2,23.894545482460526,1
51,7.844365977306692,3,1,7.180313992031742,0
29,4.531563915223242,1,1,28.270284949487877,0
52,0.5338070078420312,4,0,45.89318159065171,0
52,9.39114735391749,4,0,0.37130165248510105,0
18,3.7866724956577134,2,2,21.429075255044594,0
57,9.217054509581866,2,3,46.752762074184,1
39,4.340140662606065,6,1,151.73607872071526,1
46,4.101363613631819,3,1,26.258799345662336,0
25,0.5561059752307708,7,0,8.894903670679474,0
28,0.9157679129889996,6,0,38.20199613653211,0
58,17.882265968025656,3,2,16.826277179077813,0
54,1.297007143921861,4,0,12.089529034864029,0
31,18.96057070814716,4,0,44.62910809499863,1
47,3.7955023796861056,4,1,123.77764722208487,1
52,0.7296919074455072,2,1,90.15847716420892,0
38,0.5229274289869941,5,0,10.062531666124968,0
54,1.1714274055273985,6,0,72.59595805020147,1
22,12.994006053564638,4,4,13.059708698791297,1
36,2.673459388893671,4,0,17.17392440761355,0
31,2.516224385136305,6,2,126.3186343851648,1
43,1.8786063314678823,4,1,120.98412796183888,0
21,0.795341217880615,2,1,9.234062807504708,0
42,3.34570032841953,4,1,3.3172398895933486,0
62,0.6965849563419777,2,2,17.344583773268834,0
59,9.023622862104475,1,1,43.58679283484407,1
42,2.3133289758060855,5,2,104.73453215052244,0
35,2.348446935379263,4,2,6.325654724129034,0
57,3.212331438849882,3,1,26.803624893009953,0
25,2.9360835552751414,1,0,15.855529513844852,0
56,26.35153965406844,6,2,0.7520762964486013,1
57,3.941479200448188,3,0,77.66381133425465,1
31,0.4616823990248517,8,3,83.9083837396354,1
49,4.66816803930843,8,5,12.501916113801817,1
55,0.8219227131841074,8,1,8.198955637059118,0
50,0.15713159519648512,5,1,7.807016020462107,0
40,17.658037454632364,6,0,31.17612981027962,1
32,7.425910276783362,4,0,14.151020242109135,0
50,19.58743764734528,5,2,35.806016968002176,1
42,3.2492743000591098,3,2,24.294598121415817,0
34,3.799187073785393,2,1,11.842496862818791,0
50,0.9216395764434987,1,1,69.55364592450199,0
64,1.417835596930952,2,1,8.147356371943399,0
19,9.117774595006857,3,1,80.19822465313028,1
31,2.2017243317892543,9,2,41.213660127926445,0
57,8.766973701905473,2,3,89.20062056910389,1
57,6.172395877106106,1,1,0.23852001790701144,0
56,0.9750339275136998,1,1,69.15268469503202,0
23,3.5407596150979797,3,5,2.6444964824247057,0
23,5.656514065646841,9,1,149.88543029846963,1
20,1.3396404657064054,6,0,60.65731905893755,0
24,8.880075637635905,1,1,19.29579407380209,0
25,3.9353957856111155,9,1,19.27213207581403,1
59,0.9030673846220898,4,1,98.8414967393082,0
32,4.373158552768186,4,1,116.56987484612564,1
64,40.79417105980391,3,4,111.08403677332808,1
46,0.8156631869097806,2,1,82.70615248702512,0
50,8.484708783861942,7,0,85.47175870325239,1
47,1.1616089841314012,4,3,42.52139302224851,0
56,7.625215662213124,4,3,1.4318605787124667,1
44,6.632169885638262,2,2,4.538555363162175,0
53,1.7868715536250677,1,1,52.427325408761845,0
46,1.9713138282617928,4,0,25.638472282130202,0
55,7.863635192115578,3,0,41.88664447741551,0
50,3.0943330126138546,5,2,13.138262713096053,1
54,6.561838274474243,2,2,52.407914563743155,0
44,0.8007507297389481,2,2,13.908343904808099,0
50,9.571594608292685,5,0,30.88462273916092,0
21,6.20464883098705,1,3,32.573388047436765,0
39,11.872705080366554,4,2,9.780567601077635,0
19,0.7099633223844934,3,4,104.45751654593285,1
27,4.4948886079791475,2,2,37.30852550590336,0
22,4.570473038609436,3,0,100.78908705208292,0
27,2.1806067823412394,2,2,15.226879630597596,1
50,3.066751049871927,4,0,9.45739690848918,1
55,0.19360831760357067,4,1,0.9090461770680236,1
30,6.84935067348418,4,3,4.928330094762224,0
48,3.9850161358640075,1,3,7.977379467375034,1
64,0.29737575161495855,6,2,4.106921403585891,0
53,5.708996215020497,2,2,113.59275425291537,1
62,3.1441253882379314,1,3,121.20279422078164,1
41,0.17534526517534732,4,1,138.51969445250043,1
32,17.46783437756008,4,2,160.77013886388934,1
46,14.890654757299673,4,1,33.84745454348662,1
25,3.596453992256432,6,0,37.75375022142174,1
22,0.49177235869411523,5,1,7.010851938770157,0
46,7.024761140133007,5,2,7.370044419328549,0
64,3.3856910544370065,6,1,74.08664396229615,1
21,1.8008873408898671,2,0,96.80311934103626,0
29,3.3806458347818342,2,2,76.78949512741524,1
62,3.6953707646465377,4,1,89.9621294011448,1
19,4.135812868867455,4,0,16.18759627548326,0
44,2.9100304462438418,1,0,31.374131960938534,0
48,4.653917522191127,4,2,30.735230704139045,0
53,12.550181491615556,2,2,267.833387201867,1
53,2.249186415799343,1,0,148.97131715439943,1
43,6.4679645093493345,5,2,45.62565710123407,1
60,11.24297364400752,5,1,7.423442037695891,0
44,3.04383968411151,4,2,14.960482259327328,0
22,2.930043759070468,2,1,22.609093617690462,0
37,4.607986249783479,2,0,103.26180973126004,1
28,4.475175698098301,5,0,9.3545932560132,0
27,8.214697952925414,6,2,12.406847303237994,0
57,3.235932542708175,5,2,21.491836783105203,0
55,27.76340315404375,4,1,130.80331508019503,1
23,0.3065670044588799,7,0,35.04002873806542,0
25,0.015864384174952055,5,5,52.041142216473666,1
40,5.111011323787464,6,0,24.48773458729667,0
64,1.7722080011269736,7,1,10.444906980284303,0
43,1.374700576731612,4,3,12.60291264732564,0
63,1.8690988288292432,4,0,81.1442004478779,0
60,1.4788908889271855,1,2,111.97208268896858,1
29,0.15637011771598694,5,0,33.96967545973445,0
43,17.795056232184137,6,2,22.080102191545066,1
30,1.2470878537481513,6,3,82.47008057374074,0
57,6.621854329470049,5,1,55.90424910730386,1
35,7.1899680514623165,1,2,2.086640119702326,1
42,13.243536566996728,3,1,21.5961705322142,0
50,0.1551290929509948,6,1,57.31240004586,1
64,10.280513652526324,5,1,42.628230972908966,0
57,3.745690942250484,4,2,190.98885042253818,1
60,5.005759973254879,6,1,100.53884407319069,1
29,5.170732122864523,7,0,3.0798575329403284,1
61,8.568378764436172,5,1,64.68922596155609,1
53,2.0278804875296275,4,3,20.49825682806016,1
21,6.60349180642517,10,1,57.298200131200936,0
22,3.7600092641064915,1,1,48.01534242274989,0
54,7.884708751658599,3,2,34.96331915214681,1
25,23.306604064444407,6,4,95.84897916569295,1
59,1.119788271804443,2,2,61.66834033196387,0
45,26.152024181429216,7,5,110.16193281135797,1
48,0.4705213845431617,2,3,16.536699034620504,0
26,0.01160118787694962,4,0,21.39531630273493,1
46,0.22583384793039826,9,2,48.63661937195581,1
31,2.0910985521695564,7,1,169.75744159639976,1
57,5.0106911686705295,3,2,23.227494345512252,0
58,0.35763866242722864,4,0,1.6413297617747653,0
39,0.028409630712350704,6,1,29.51941830765808,0
28,13.830332468155147,3,2,39.25540066293091,1
40,8.627798279814183,4,3,80.71935916963355,0
18,8.28220661140038,4,1,65.20816500888849,1
63,10.78914670243943,2,0,167.14078350211614,1
54,6.0204352671289865,6,3,76.3198530052867,0
38,0.5513300271027988,1,2,17.735874269702915,0
43,2.546635303145144,3,0,51.274640703810256,1
63,6.421387903960527,6,3,55.77386434092346,1
53,1.6448435188805601,5,4,311.2459239224674,1
40,5.814256099615859,5,4,7.467821022067148,1
18,0.12401764107812854,4,3,10.617939739652023,1
57,1.8274061779032924,3,1,8.451334959029602,0
32,3.9828848760447495,4,1,44.465416918046586,0
38,4.999582362650327,6,1,7.26869465117417,1
64,4.302396190183364,4,2,53.356801573302285,0
26,5.982607771068768,2,0,81.4244241002057,1
26,0.030536801275558162,2,1,28.35154144446935,1
27,0.5320342030886,3,0,41.126938487745996,1
43,10.160662455914276,1,3,121.93289033995723,1
58,5.724568905178717,3,2,42.148054274256666,0
52,0.5991661694951417,3,1,11.697938275759922,0
42,9.228157398720958,7,0,21.01831394053937,1
43,1.386884882903985,5,1,37.73472800413607,1
28,3.252928387585556,6,2,8.414878834699111,1
55,0.784418380468672,3,2,47.40453097583069,0
19,6.191269664671321,12,3,359.51200297425714,1
24,5.495878552015671,7,0,52.8545618787412,0
35,1.1856575865192391,1,1,23.293500741837132,0
44,9.953519728742405,2,1,20.154383698362828,1
51,2.565023516345023,3,1,134.12155158316224,0
44,1.7301948991377953,5,3,102.59687957800365,1
34,0.826316927810729,8,0,31.966921548097147,0
60,1.547375882270635,5,2,21.80249693448744,0
61,0.1113656806995411,5,3,61.973830842752506,1
41,4.376433679059314,4,0,18.88051956490764,0
42,9.233108666530635,4,2,6.357772808942445,1
24,3.9812229553283536,6,2,18.564215163224592,0
23,1.2376548709733224,4,2,28.484213708040805,1
41,0.17124518890237264,4,0,14.746169781930929,0
50,1.207989406883644,2,2,12.219235662423541,0
46,2.690311212762657,3,3,0.30795454926132876,1
60,7.127493088998669,7,2,49.82663295132668,1
39,1.0403071309390768,5,0,47.654082469754364,0
43,6.361105717991229,1,1,10.414301015095855,0
45,10.084530189409586,4,1,143.8087156437439,1
38,3.0251948009416423,3,1,26.345286067466052,0
24,8.613928755615255,4,2,1.2904827833231263,0
34,4.044556443508444,4,1,12.408449414002522,1
37,5.068013579624063,2,1,58.89373123960635,0
58,3.7356779949128196,1,2,11.258523882771948,0
37,3.1103943444611017,2,1,2.771008801283269,0
39,1.3371326522524054,3,2,48.07829560026834,1
45,1.8062416401122225,1,2,36.527375802120204,0
57,1.7122411191872486,5,0,71.62023155146792,1
24,4.14241735893005,4,3,74.05913697445867,1
18,0.6389037566529467,4,2,160.8629239085993,0
49,12.432040323878113,7,1,2.9353800497637446,1
30,6.376541110077911,4,2,1.9884930259028137,1
47,2.566189579298568,1,1,217.90397559034594,0
40,0.8635840194756597,3,0,51.760453388135815,0
36,10.685021492134323,5,1,62.828354190609026,0
49,8.680056132260242,4,2,5.072963423368501,0
47,6.395665288180111,4,3,3.6184652712340504,1
46,1.5841611832100027,6,3,8.732766513379966,1
62,2.574558447149515,4,0,27.860549334238577,0
46,0.5420940064278567,3,1,5.836589698959337,0
47,1.0476798092331117,1,0,29.55965966653552,0
33,7.63967299021655,2,2,41.22386738030085,1
57,6.277009817795656,1,3,0.01665116656111986,0
36,4.5006816358907145,5,4,6.0657801235412245,1
35,11.303700953568116,4,1,23.51579924261376,1
18,4.37654196480529,5,2,2.7402248196487644,0
31,3.1458690951337593,2,0,7.1663303780257035,0
64,2.0803866931091015,2,0,13.185023218892479,0
19,14.104569454520405,4,1,28.07099445705836,1
45,0.4316878104023001,3,2,62.734751324823854,1
47,13.360089080734168,5,2,7.117860538621404,1
55,8.764078393158496,6,0,66.96263326188088,0
21,0.6959076203325775,2,2,96.5720224964761,1
18,4.161866445863712,3,0,52.702806173947906,0
25,10.070066397986546,1,0,2.23552388091463,0
46,4.240931516762468,3,2,29.049323758035676,1
56,11.886533581768543,4,3,53.95019013338009,1
20,14.322100679679705,4,3,192.01567212496445,1
49,2.7442344749511207,7,0,151.6285149701376,0
27,2.368561781649893,2,1,25.18448678090926,0
27,13.769514294925768,5,0,47.84666215443405,1
36,5.6218057346240755,4,3,110.73564686975865,0
63,0.6166193715366599,3,3,88.90651273112489,0
51,0.21606043645691467,1,0,32.640761379345896,0
50,4.1577842747771285,2,2,15.13919877485039,1
40,13.308526938868031,5,1,7.372820390697887,1
45,9.29747395043238,4,0,33.469594754537695,0
49,5.632709776234473,1,2,64.15907604143428,1
24,0.7489766758243604,5,4,174.9455491754767,0
46,1.466699463863661,2,1,98.95806115626583,0
25,10.417698701282985,4,2,11.422942328057003,1
18,1.009401357536366,6,0,63.608679269694115,0
20,1.631694620227386,6,4,17.061263490514484,1
41,0.6940157551863336,7,2,57.51727258396239,1
40,5.636729332857351,7,1,54.80160009277499,1
25,14.410438312499053,5,1,15.902294665914848,1
64,1.5664904388047036,10,1,13.354028753942057,0
54,3.2256590380336108,4,1,5.4872703511624765,0
20,5.030253136245966,2,0,2.5930747262195455,0
50,37.67789825173169,6,1,97.7554873946771,1
45,0.5535856559112821,4,2,2.5567387494650116,0
64,3.4514642851565354,3,4,4.646415095332665,1
25,2.4316417358354303,4,4,13.6463752775106,1
51,10.042871640983766,3,2,109.31052063569047,0
52,3.231010072591831,4,1,20.24379112021912,0
49,0.588163810531553,2,1,10.647258938560627,1
41,5.031407422447406,8,2,62.860855437470086,0
31,7.365378675841229,3,2,19.21477040678742,0
49,0.014427052307371098,1,1,20.275753323517847,0
63,9.793441200902517,4,0,67.15726024730225,0
60,1.0291158445700384,3,3,14.49441292178973,0
33,4.015584451852052,3,1,113.53496831082708,1
21,2.6875380542900036,5,1,41.21084348303252,0
54,6.358650351199246,6,1,38.591309634797604,0
38,2.319404972711262,9,0,15.377387071254523,0
31,10.192003840045116,4,1,90.11908634804429,1
48,6.555866928942029,3,2,42.51924528896344,1
35,5.2165479013159946,5,4,8.451506892034153,0
24,7.954076855898138,5,0,11.552375097693611,1
27,7.012586926771656,4,0,31.5796468495534,1
24,0.1830018558417487,3,1,75.6250488294829,1
50,2.5104391638335337,2,0,140.08668596589985,0
40,13.354299372347276,2,1,54.45765298516997,0
38,0.6717973568911574,1,1,35.27548913545832,0
36,6.6798421305769295,3,0,14.432925951832656,0
36,18.36341884270382,5,1,55.86956994655956,1
53,0.26805161494720825,5,1,201.53963972627005,1
46,5.731568848210151,3,5,32.33441282284572,1
35,3.1570078545534037,2,2,8.845324969260695,1
19,4.327694077601077,3,2,5.453958924658998,0
18,0.4460216432169867,1,0,15.684616782391354,0
64,0.21979575892172157,9,0,42.133664065289636,1
22,5.496062251909462,1,0,146.68982660866197,0
37,8.666776336775472,4,1,17.774145810319073,1
28,7.616652811982459,3,0,18.22032141875873,0
59,3.924182624069989,7,1,32.809880986874866,0
19,0.5260627504495665,1,0,125.38359213827641,1
20,5.82447274755857,3,2,27.15496390318215,0
40,1.3846265623302245,5,2,12.630509991149562,0
29,12.09945574278294,7,1,8.904381525053067,0
37,9.108991543307372,1,3,30.533713190899448,1
22,6.17874458325155,4,1,80.64154202805639,1
54,14.864568624124644,5,0,17.21984603814784,1
55,0.1596303909306421,6,1,35.92557145350261,1
47,6.662828249997731,3,0,46.19199179242213,0
26,2.004199947414407,9,2,29.934633032580443,1
51,11.825808270112784,8,1,10.64049646323638,1
61,1.550832800916386,1,1,127.38956085139314,1
52,6.4523124837198145,3,3,41.6721253098991,0
39,10.50422565090579,5,4,65.30662313467157,1
61,0.21274669000677032,6,2,50.53597825663941,1
41,2.5345629450115963,8,1,311.94559609911613,1
34,7.183919514530101,3,0,30.468814738304435,0
27,3.034103344004441,2,2,27.66685964513102,0
47,1.5547714416729357,4,2,22.325283363878356,0
63,1.2410591882041793,6,1,22.44174065036484,0
40,0.7050436312054171,6,2,16.132327422069782,0
49,9.729085361905286,4,0,197.20181312140193,1
34,4.282513514243702,7,4,102.31273219549438,1
34,0.397299506394625,3,2,19.039088555397832,1
31,2.4110314879893324,5,2,18.20865241908173,0
26,2.292222675080369,2,4,5.464744881304511,0
57,1.0028707771692775,7,2,104.79109267705815,1
19,2.859142019244608,5,4,23.242132567766312,1
62,2.0180793354924247,4,1,42.503547509381455,0
42,2.0912603611233225,4,3,115.31847668872261,1
56,6.716683154067919,8,1,26.22093364333699,1
26,1.2632698178225445,1,1,82.21908054336865,0
39,5.1341559634464105,2,0,28.131007121373674,0
60,4.227409829221554,3,0,60.355709836444504,0
63,4.197719313007156,8,0,28.209949367649674,0
21,5.438470737538269,1,2,24.94148768536711,0
43,3.9745933468295163,3,0,233.93674369764392,1
46,10.57037673161446,1,2,47.382600037115665,0
62,5.628582948949489,6,2,22.895151415681365,1
51,3.958910169944559,6,2,14.908138653485628,1
40,8.852822008770719,9,3,2.0289329892201944,1
54,4.658882155537125,2,2,61.30518483874023,1
28,1.720516127983137,5,3,23.273291288973596,1
23,1.1602587978186811,4,1,86.0895195773271,0
35,0.8263062880625729,2,1,22.617495705302208,1
38,11.485760022231918,6,3,23.36669520078425,1
59,6.1917073564160106,3,3,75.52059732851599,0
53,13.853228109558454,4,1,33.614966431408696,0
58,4.62277147774754,6,0,108.09542653812085,0
55,3.206578529288686,1,1,44.59646440138203,1
51,0.3078692085735105,5,3,13.764282233220321,1
34,5.568258299165192,3,0,41.997959059338044,0
54,4.363866982472879,3,0,0.20048520321589877,1
42,23.131404071410575,3,2,18.727209372256414,1
55,1.3666529324651449,3,3,11.656685641954724,1
29,3.782963286167888,3,2,53.09297933178667,0
40,5.262805576530764,4,0,7.311358400185266,0
59,5.172432658343887,7,2,17.13137836630488,0
39,4.119623761571176,4,3,20.121627123604696,0
38,7.501303679868153,4,1,0.16493317384782213,0
44,1.146947643959007,1,2,2.39477306005011,0
48,6.466337572041194,5,2,18.634854209990863,1
23,4.8344288693397255,5,0,12.574351292516267,1
44,11.320434347837987,5,1,6.2162232586532316,1
57,9.392945045763359,3,2,8.371351039766687,1
51,1.8927555971484902,1,0,90.25347116318828,0
29,1.6164586863029198,2,2,57.493106912501965,0
62,19.99153428630956,3,2,33.0938156351927,1
24,3.746103419449538,6,1,119.77603165472736,1
27,11.844744470146132,9,1,1.4999136732372436,1
62,0.8949217998567462,7,3,21.151035692165344,0
34,5.147561921749321,5,0,86.68878975993285,0
43,8.299978107170077,5,1,49.48192968957528,1
38,14.724744256358115,4,1,200.0083907490933,1
45,2.0574672682550954,1,1,144.5820591231236,1
63,6.454578553281447,3,1,9.313014636516053,0
19,3.8697584896132584,4,1,178.75432453659045,0
60,0.3127234896448704,9,2,145.50965279253055,1
18,5.855910670563994,2,2,23.38918037183091,0
53,5.8574725410447135,6,4,203.3762473159903,1
43,13.339832344103023,6,2,1.8251164862648293,1
46,3.438932336156948,2,2,54.050980798730365,1
38,1.308453441472666,8,1,15.472381942628127,0
28,0.22793656698704398,5,3,6.932256366496324,0
57,2.686208948716412,5,0,43.08242490953174,1
28,1.7970842123857047,4,0,18.289410637522728,0
53,7.158306382985477,1,1,54.95442167202478,1
56,2.1868517889249355,1,3,38.82437996458582,0
57,14.886633138778258,4,1,24.927513829319224,1
52,16.391829287187644,4,1,10.033777965164965,1
51,4.849889581099484,7,0,45.971056005561735,0
64,13.20151061128305,5,2,88.37206715956373,1
41,7.15341237752102,1,1,45.815095160487864,1
39,3.957766790843075,5,1,47.14746624541631,1
22,0.9941327012832567,7,1,35.855332923108215,0
50,3.0679655167465274,3,3,24.570771101714584,0
53,4.114849731681219,6,3,30.57449269736666,1
64,9.974089692723284,4,1,228.0182409583926,1
37,3.2824697310344852,3,2,69.24846239457568,0
36,11.397990288807755,4,3,28.15504579549632,0
52,5.609644793993917,3,3,30.559598217590338,0
60,0.7366975110704864,2,1,34.6205733381604,0
34,26.472990782054858,4,1,53.83973087902865,1
62,3.7457594735254576,4,4,31.36406150004326,1
60,2.4867367952738926,7,4,57.94664483632494,1
51,5.3810323875372035,6,2,19.96330359347496,1
26,0.5764556064212979,3,1,26.43587261187403,1
43,5.060411530509546,4,4,99.77455461907296,1
19,3.448126951740922,3,1,19.942277393636413,0
26,2.610057009838314,5,2,166.82210022932273,1
26,15.290168752790903,5,2,9.467607498913331,1
57,3.6963714946145334,8,1,13.832478790479941,1
34,1.2366528115673423,5,2,31.151190819826663,0
18,3.071342483209882,3,2,79.82823792286244,1
42,12.590501854340264,1,2,65.7592756518514,0
60,0.9685030952530839,4,1,9.586242532389477,0
57,1.2037191494458688,3,1,13.504226143872614,0
59,0.06557598599037061,2,0,42.81425496793764,0
42,0.07145845411824245,1,2,17.489559237617385,0
56,8.841922825835573,4,3,27.437220694347808,1
52,6.586129456854641,2,4,33.33443328144926,1
20,2.1928430881310894,5,0,45.10041137676164,0
54,5.991795573496972,6,1,14.454241088187292,1
61,2.5143362647888123,5,1,8.904932903054586,0
61,15.27707127374782,2,1,25.42170659933899,1
47,17.06422699990197,6,1,4.279322807526498,0
55,2.4944340115494024,1,2,37.40817733254746,0
51,9.628348599738121,3,3,91.50583744367971,1
29,7.415987963131931,3,5,6.333501254395331,1
36,1.8553179516772915,5,4,5.980327294337902,1
54,1.3200870386379235,6,3,4.180918743259339,0
61,3.064611527948628,6,2,94.14813034581965,1
34,7.601388493324247,5,1,4.207404637601982,0
27,16.115396325883392,1,1,205.10483276330916,1
64,7.210707280980907,5,1,22.184157141173312,0
29,9.662250196356018,5,2,19.93158737509314,0
33,4.61990495846774,3,0,4.805271161666554,0
41,9.02142283426716,2,2,44.05115221650039,0
36,7.6721359430673175,1,2,44.08024171986627,0
25,2.3659277664151777,2,2,34.04174713854623,0
48,4.01470199874742,6,0,18.627162481911174,1
38,8.167452400470607,3,0,22.989271867223803,0
34,0.2357553955152104,2,2,19.320151988620715,0
40,8.253364605847999,4,0,27.769049094419067,0
54,0.9793939552843498,2,0,20.911418567636005,0
33,3.614771324455506,3,1,56.27615591346845,1
23,8.258477589857048,6,1,17.533683124362916,0
25,1.463949329613841,1,0,21.603666761988606,0
42,1.4105377902195482,3,0,28.58719173281317,1
35,2.5772180049929636,4,3,0.1984851563286452,1
42,11.251993872294053,3,0,33.871819614744105,1
29,0.0022143974692731454,7,2,14.773603673261798,0
32,11.582562992074205,4,1,2.889425240106065,1
43,0.8350392106349807,2,0,120.9679124926831,0
58,23.06922656537496,3,3,19.46128917196584,1
62,15.488492009836524,5,2,27.763721833998883,1
43,3.412769337679864,7,3,87.82246142912743,1
64,3.594584405085694,4,3,9.123416623472043,0
49,3.284552077426852,5,2,94.95904187634655,0
27,5.0453706611989215,4,1,13.829718315753867,0
33,0.47552036752055893,8,3,44.46271312236189,0
24,0.1658088597022021,2,2,57.86692751453507,1
34,0.2971734575314646,2,2,117.70125983828643,1
40,2.9382215183534295,6,1,46.77851911955348,0
43,1.6116984405279189,1,3,30.18651673284225,0
38,4.864828755985812,3,0,42.46308047058074,0
39,24.425934810019356,5,1,11.287501181955635,1
24,2.4414341495810223,4,1,58.410070596545914,0
31,4.26471679589877,2,0,10.343872727620381,0
32,2.685881328179585,1,1,40.737230447376575,1
24,9.395472709359113,1,1,52.14993873799052,0
26,11.62601497387005,3,3,114.42581639448957,1
25,10.492331336074916,3,1,29.909109923530693,0
40,18.320395442354467,4,2,74.65684908079267,1
46,0.13952465667470498,5,2,9.167934019294051,1
35,9.157165683688937,5,1,8.49178030976988,0
48,6.967041487119544,2,2,37.20076655300679,0
47,1.2983531389340206,6,1,45.35921174720073,1
56,15.6543354277031,3,0,50.02997558126439,1
52,0.8018880495636255,3,0,68.45692677845696,1
35,5.690143968225767,4,3,17.473015020551603,0
59,1.2737530196980558,4,2,48.7235053457672,1
56,2.822720236175453,2,1,10.421314227078403,0
34,6.34984899939454,5,4,12.358859789896073,1
31,4.142826239560059,3,0,3.484060150952797,0
48,2.7887287119262725,3,2,68.71840535055877,0
41,1.9751370861015647,5,2,35.36159230941663,0
52,9.152282855562488,4,2,13.602623056652622,0
61,0.776340229411082,6,2,40.623313909067065,0
62,2.8114970979147214,5,0,21.866383442695785,0
51,11.704424883512006,1,0,90.76468506396502,1
20,9.349131042018074,6,0,37.55448246286203,1
54,2.5619823050339634,4,1,1.513204772088572,0
60,7.200762363969796,4,2,210.3038881511071,1
57,8.66257303775931,4,0,3.8601745909864564,1
43,10.986056967278975,4,0,59.5295025260133,1
40,3.9318611383673896,2,1,28.746508772106388,0
61,1.1436763170288766,2,1,14.338644728636702,0
56,1.4739300723727036,4,2,56.421353407970265,1
32,1.7527165760001044,2,0,6.727873297458505,0
21,4.5045786860723105,4,1,97.68335226666431,1
46,0.1667996511811951,6,0,14.424919338158768,0
39,5.053590453122996,2,1,22.428051363072864,1
42,2.2655692473649585,4,1,50.07114419080623,0
30,1.7495025862827305,3,2,0.051492283721539314,0
35,10.5803853388431,4,1,32.00389158151237,0
50,3.0809528784719795,8,2,112.33336312709996,1
33,0.4993947542417449,4,1,57.03670032214667,0
62,8.765004930574845,4,2,24.543010366641475,1
59,0.24406742374843277,5,1,54.00293796207913,1
61,6.486826563274254,3,2,137.8904638371198,1
19,7.434027089297597,7,2,10.40076049832818,0
52,2.173974813601517,3,1,37.94384148323409,0
59,8.70878894699481,4,0,13.376823644166121,0
51,3.6248345642147974,2,0,96.28442333144275,0
47,3.111520872020088,4,2,63.83618133251828,1
30,0.23233155974462616,4,2,80.74160179210322,1
30,1.7126571380374844,2,1,143.24559856231937,0
35,13.368966452054353,4,1,13.21838396301197,0
49,2.4864545242484013,3,0,2.4972980968975094,0
49,3.9560113470371046,7,1,17.188198250538157,1
52,3.7966665337666923,4,2,25.46960830190288,1
56,4.463250555125219,3,0,49.06277474837835,0
63,0.31646158662520857,8,1,79.9013044040798,1
46,2.248466476222907,3,2,21.524016405139573,1
46,6.421004813295809,4,2,32.07491121138842,0
61,1.1192205524486192,7,4,76.96464730661083,1
33,1.138132784587567,5,1,12.765825130811729,0
61,0.050709309749963065,3,1,12.239554376512562,1
64,2.8766600747272033,10,0,44.486455522865555,1
27,10.716568333275976,5,2,28.64008979452975,0
47,0.2664814614949919,5,1,148.69541104110596,1
42,1.0605155438972027,2,1,22.08290283131674,0
56,1.8559310411713263,3,0,71.26332078898415,1
37,6.578708616038416,3,1,43.74457441539395,1
22,5.117091717447627,3,0,2.806093606143409,0
18,2.688791234842936,1,1,4.407995342668992,0
47,7.116222207135143,2,0,11.354848300371419,1
20,4.7033143159747315,3,2,7.724773295817412,0
62,11.318783806043013,5,0,19.97699655785535,0
31,8.51947787998248,4,3,43.25480589261204,1
47,1.4572030083372645,5,3,46.11073004545428,0
21,1.5834167171353566,3,1,44.30842300827874,0
35,0.6696943827020077,3,0,6.255979824320423,0
54,2.054635430827455,2,1,45.842720893324866,1
42,38.46419758366959,3,0,26.36019143761903,0
18,2.6022856964076126,4,2,116.67936943371089,1
63,1.2454387688096102,3,1,121.51194454714687,0
32,7.187577963689662,3,0,73.08837205468421,0
26,3.909575079327597,3,1,60.71919916936919,1
32,0.8102507823977465,6,1,6.105710432072428,0
41,2.395744045379787,2,3,4.424853727505288,0
21,2.67618686590914,2,3,91.89028271563149,0
29,7.008658542260479,1,0,27.844858277047805,1
54,0.10444006191632722,4,0,30.015846862973866,0
54,1.5668434809930842,6,0,94.12572169411548,1
60,3.6448698317108708,6,2,48.56784080150484,0
23,1.5656609327977482,3,1,9.886416146244148,1
56,4.950144500401609,9,0,11.850286252710827,0
63,3.2876211896288594,4,2,0.3198795021195658,0
41,2.244814763711533,2,3,62.00938492401045,0
28,14.900143795522357,2,1,33.23883852869479,1
30,5.000529282349355,1,1,149.7505395313019,1
51,0.6959734070311077,5,1,62.5904114386677,0
42,4.105944885346279,3,0,5.443481089128997,1
24,7.587299417710641,4,2,8.809507215359549,1
21,6.1633996536912985,4,3,34.83012183273032,1
25,0.9442494762663651,4,2,129.42954100672583,1
37,17.953321859064488,4,2,14.201177974543121,1
46,2.9784115801173487,2,3,87.31451264030123,1
62,0.8659667520730634,4,0,18.71812394804917,0
63,0.993448458848002,6,1,15.728495926561441,1
27,0.5170065817643674,5,4,115.83052419376662,1
60,8.135925034022527,5,1,2.4196957181521213,1
51,0.6507170876201749,2,2,54.049578284131314,1
43,0.6683727694537354,3,2,2.206347194843241,1
58,9.501345181767627,3,1,80.66320780173686,0
20,2.1125788736442304,3,1,88.42295857697019,0
23,0.15672018130629933,3,1,111.91322415158086,0
22,0.2664516963978728,3,0,10.29527799398416,0
22,0.7667492753045215,6,1,6.647901047468438,0
64,1.2001348117020556,4,1,35.01211926075803,1
40,5.470306215596158,4,2,15.847485867977301,0
26,0.8558772108376705,7,1,46.60798302738806,1
52,0.6327754396371521,1,3,36.05134059870089,1
37,7.234876678991523,5,3,7.824042725323575,0
59,5.559327891923878,5,2,67.21358919891291,0
52,2.8575177791518613,7,0,81.42705574335653,1
35,3.9848751509765035,2,1,164.9000405143815,1
34,1.8697160752438922,2,0,25.17089612968073,0
41,3.2937328294597434,4,1,20.604470180447816,1
20,3.5329116364099344,2,4,10.675917131956831,0
49,2.448887417592576,4,1,9.975322047372346,0
52,11.852832238620326,4,0,19.36063153810234,0
55,0.0809612741099957,2,2,200.36259090138086,1
30,7.620230677285029,2,1,4.839791251272815,0
64,0.6641315276632889,7,0,15.012448783884869,1
42,7.98624649492797,1,1,4.495053600159812,1
26,4.784416832204385,7,3,15.984883475040743,1
21,9.266411620272834,1,2,4.847655222500104,0
31,0.5130123109369799,4,2,35.495226879216396,0
54,4.093332454467554,6,1,28.84432324293594,0
51,3.476626557450918,7,2,9.561071999450679,0
28,6.124164062638711,4,3,9.606953186206805,1
58,3.820966706162027,5,1,49.18955825320219,0
20,3.8906347547546547,4,2,24.47941527637649,0
45,2.807051491823371,1,0,2.8917817468806337,1
46,1.8468793299193773,3,0,126.4069522038727,0
26,3.2914525845160005,3,0,25.95570104214812,0
20,0.6306080436990481,2,0,44.70782003712922,0
42,16.287217824075498,2,0,108.32058775839772,0
51,6.266003684975554,6,1,25.721522105641338,1
29,15.231667636005628,6,2,85.92360266077102,1
59,1.2856180885283195,5,2,123.10966291041292,1
26,10.57393530487002,7,0,9.562104353690001,1
32,8.271914488734316,7,0,111.50971471849884,1
57,5.652874661584654,5,1,6.382149408195972,0
42,4.904535428005762,3,1,16.087968832298674,0
22,1.903006443076582,3,1,82.56809018322981,0
28,8.475272720803527,5,1,115.47270568339816,1
51,3.4809135303437024,5,1,57.62261827928157,0
41,0.36764918210043906,2,2,5.536849904834986,0
32,1.8761091148861184,7,0,37.011129862475336,1
55,13.68974616870432,4,1,42.505737260036504,1
25,9.508326851074218,4,1,16.554518344926507,1
22,20.060791005661073,3,1,237.1975201979065,1
43,4.944218180842733,6,0,20.445649024191038,0
35,1.4218383434090414,4,3,11.802243915529582,0
23,0.8885513238726123,5,2,5.834333455971633,0
54,1.0345946793379461,2,0,23.781069839574755,0
30,0.09997108581272793,9,2,58.983312767069286,0
45,2.4770758110719253,4,1,13.160342030766357,0
22,1.0624257749256967,6,1,73.384813388078,1
30,2.652212755409366,4,0,7.274488650098367,0
34,13.666411743682294,4,1,29.03272177934434,0
57,2.815335517583821,9,3,60.595837051251536,1
62,10.518035842136438,4,0,7.269176350264909,0
49,4.650741107228486,3,2,45.54553774628356,0
46,1.4193238691550158,5,1,80.21070710974769,1
20,2.1991552460252226,1,1,45.26122153020628,0
57,0.438255375881352,3,2,35.81709801667882,1
51,2.0282950865067626,5,2,91.10048746394203,1
57,5.658895568042123,4,4,211.40642791300888,1
44,0.37421632785228953,3,3,10.002669168073517,1
30,1.1495910408277095,1,2,58.77677382109533,1
62,2.4018138328639793,3,1,4.204829873009693,0
50,20.100696856989472,5,0,2.189289108798018,0
23,7.682373866875759,5,0,16.48210865116416,1
41,6.611656524379368,1,1,176.88486771138545,1
36,0.6175712692398561,4,3,40.169943188177896,1
33,7.593323993624747,8,2,15.6172761103227,1
57,7.691841596176337,4,1,7.111950933135574,0
45,4.595256388689759,1,0,126.40119069313354,0
50,23.210095210251467,5,0,22.49958702536711,1
58,1.9670940789981595,7,3,18.314426795516408,0
30,14.174231483547267,4,1,97.58353666999928,1
60,12.309728309573698,5,0,46.367941863727204,1
62,0.05773535655926859,3,2,9.234384392273078,0
42,2.990244447601488,2,0,27.36674686936803,0
59,18.884016174611922,7,0,131.7151799996607,1
53,0.5441736209537663,2,1,115.73469273419894,0
44,3.96798436351905,4,2,3.6344378248441327,0
55,19.306057057460375,4,2,15.640640555030458,1
24,4.053974648030802,4,2,8.393685452169136,1
22,1.052465181432325,3,1,38.15828399027241,0
60,4.3635614603220665,3,1,69.31138157338185,1
62,1.1435486561414114,4,0,17.516414272249584,0
48,3.6667662291687213,2,0,70.94006719026271,1
40,0.3846331853664536,2,0,55.2388988362431,1
59,4.65046104322848,5,2,65.1385246459915,0
27,3.6365190561878036,4,4,148.0604686070336,1
49,6.738472448657655,3,1,27.635522059635964,1
60,4.9807361647013035,2,2,20.970698988382928,0
47,3.9881655997528522,7,1,57.57648318410267,0
56,5.852349231610524,2,0,82.3978004082666,0
48,0.7770852358313872,1,2,10.625346792320821,0
35,4.523783294590985,5,1,93.80042080156345,1
53,0.9443785590381516,5,1,2.979671268441496,0
19,12.98627145003211,1,0,0.3207139827217944,1
31,0.35390505080214296,4,0,8.624134839721826,1
30,2.813882949850652,9,2,192.37544369791374,1
46,5.950308037301851,4,2,37.07123845580178,1
29,3.062651296599896,2,0,2.384327772971242,0
56,0.48307905162610976,3,5,293.4744542598006,1
19,4.0302247742313195,5,2,68.30718870412687,0
49,5.130973165856048,5,3,91.00951386364211,0
30,6.083472093208514,8,1,11.972573175452354,1
63,2.3361160068036613,1,0,5.571692399518134,1
44,4.146667283111223,2,1,36.18907715036886,1
58,2.9954295828949173,2,2,73.9590246073857,0
34,5.574562675244616,4,0,50.77526589188525,1
57,4.38002801510025,7,1,49.855971894592756,1
48,3.7301689238442237,3,2,70.7544659979988,1
51,1.4352404795419162,7,1,12.875158598264203,0
41,0.010102788503831998,5,1,54.16440753831171,0
62,0.9562969543623578,5,3,24.888121759405944,0
52,0.6225243663754843,3,3,3.615282920576943,1
23,2.9808714192785946,4,1,11.291270103376876,0
36,4.737077489044118,3,4,78.99486309186786,1
47,1.1981752625841067,9,1,113.13491185760446,1
24,13.989089262959698,5,0,16.62154748860721,1
27,0.03352277302363078,4,1,10.558336655104487,0
58,7.398653821341,7,3,1.3544048161593263,1
49,4.906877271168191,10,5,147.53544888696402,1
51,2.3384699010799768,3,3,57.57770363793073,1
45,0.25904052604377326,3,3,157.36277628839645,1
32,4.937410964555027,1,0,99.69960294648102,1
47,2.4356554549348486,1,3,20.811132629829086,0
54,13.765274923159431,6,0,5.977651382168073,0
46,3.904322122781962,3,1,34.563127365881456,0
39,14.038096869490541,6,1,1.358992297775506,0
21,1.2454083574495058,3,3,8.121042488531527,1
37,6.468136727247695,4,2,13.29163451137858,1
49,4.80185343123515,5,1,54.7778375008985,0
53,6.724000975548767,1,2,35.654993299031915,0
21,1.2082427373147904,5,0,18.00687200994428,1
44,5.468041889257835,3,2,41.593848696214344,1
34,3.4461781339227047,7,2,6.688150908860628,1
29,6.789991971953485,6,1,70.46957835024628,0
39,1.980381437865659,3,3,62.245840792498896,1
34,11.038967304664219,2,2,12.199381611383368,0
27,0.4403395725244853,2,1,46.61993301069049,0
18,8.230232489397988,4,1,34.98871500410855,1
39,9.877917299897657,2,0,3.13720989359732,1
43,8.49824414065148,2,1,16.297167201456915,0
35,3.5946474744815147,6,1,378.3447679775749,1
31,2.8846934083435256,6,1,5.2422358302969085,1
64,27.946406124033167,4,0,35.3026356955274,1
46,1.3014497695817484,6,0,94.63440919681875,1
29,3.9579469248199093,3,1,17.880331248449064,1
53,5.553558845991743,1,0,15.103158592848212,0
52,6.034345570614285,5,2,110.72552942430475,1
29,1.140935403633158,3,0,18.179939137235415,0
24,5.306497149538752,4,1,52.70489280019408,1
46,8.528906207003134,5,1,67.41390794936154,0
28,0.25656424563641195,7,1,77.70435849212248,1
50,12.124966792318192,2,0,262.5682283411234,1
23,0.14974027395025483,4,1,81.27634994931614,0
64,2.2000578664064867,2,1,53.503013763255424,0
32,0.07969779360392226,4,3,112.91097693950489,1
49,0.401416679366967,3,4,118.08737689880242,1
28,12.105057719367533,5,2,180.9051297086698,1
40,2.1914460958775974,6,1,74.9094230395886,0
43,2.7649398935578433,1,2,10.841136654449468,1
51,1.2125517992796768,3,1,61.86029602513262,0
63,4.545281942101427,1,5,3.905020347111521,0
51,4.516912200986484,5,0,19.133563236034718,0
46,2.3276712934937636,6,0,6.154024576823824,0
21,2.02508758000278,2,0,149.72925347974805,0
34,10.81256417562329,4,6,20.681475734689243,1
52,2.41673520677835,2,0,62.451236349315984,0
30,3.40116457069582,7,1,42.35204551180092,1
58,1.6655229046968185,2,2,5.687077657459783,0
56,7.726907772525317,1,0,41.20203966002183,0
32,2.532907853393075,3,2,54.09123118221588,1
46,3.603733297055551,9,0,106.64939801754355,1
46,1.4608417374889773,6,2,3.633139284899378,0
28,21.974381127477983,4,1,17.522857519814654,1
49,1.7229960423517474,4,2,58.93815349486865,1
19,7.364547939058189,3,1,1.7467406034668287,1
64,2.788674729762446,4,0,11.379763286458939,0
31,1.1547283257871572,3,2,12.337909526009978,1
37,8.040163600019463,6,1,55.33117657361044,1
39,2.0293768790000524,6,2,16.84086236981064,0
28,10.019568650366985,5,0,45.76401990418316,1
44,12.340671570534198,1,1,168.12063626922057,1
20,9.824276643792407,2,2,78.81055006415671,1
34,0.17817689774562065,2,2,20.240976175475605,0
61,7.741087223318716,4,4,31.970839953894025,1
45,2.649528026410422,10,0,11.199314196993617,0
46,10.346383701104973,3,4,0.7922440014922301,1
38,5.079923644813085,9,3,17.10447707766449,1
64,8.968100019066876,11,1,23.05485937691866,1
33,3.460056827878695,1,1,41.54777650766196,1
54,3.8288636174943784,4,1,144.17972312400286,1
37,0.7796892334080974,2,5,147.68354252110066,1
23,7.662091742120757,4,2,3.6338198059695364,0
36,2.7183766757102483,2,2,47.67960275082879,0
22,3.466537149711785,1,2,2.1637840177468104,0
20,7.687859191648938,4,2,52.217722804708224,1
18,4.567041950069808,3,1,6.261330777342394,1
55,1.1225895230426213,4,2,146.31294589652865,1
32,4.460828708472742,4,5,99.87969060095845,1
51,2.6181433199692865,7,0,1.1290946522087777,1
52,3.169917346004966,3,2,76.19323197261791,0
42,0.14359883482427338,4,1,50.515940307316185,0
41,1.178797427488142,3,0,34.196409381615176,1
29,1.649734435161794,9,0,46.14493667937751,0
35,6.240668637452443,6,2,56.6990310212769,1
32,0.057795110672553975,7,1,107.9058319907771,1
61,2.627812240130533,3,1,72.91265153551643,1
33,12.886877797227905,5,2,42.827774604975275,1
44,0.5932455210163291,5,0,87.03877444598604,0
25,3.632737960363695,6,0,216.84484954437946,1
63,7.721116436817037,2,5,17.846750379995942,1
42,14.282574790359316,3,1,6.302015705509985,1
34,6.867416660213045,1,3,65.73558430251315,1
46,6.374937674902319,1,2,192.20965295746083,1
25,8.757545187731575,6,1,6.204854437727895,0
32,2.954769364871102,5,0,28.255930109933193,0
44,8.19548031296163,1,3,3.214535175583306,0
63,0.039981450139828775,3,2,74.92433979086604,0
24,12.922158151865474,7,2,148.51172191296382,1
20,2.9287023845214284,3,1,34.55687551024304,0
46,4.030237892071945,6,0,26.341072822516782,0
61,1.4710650897208373,8,1,119.14586305522616,1
41,6.784276526168788,2,3,7.158218589683912,1
20,0.39865773218700823,2,0,111.089123617926,1
37,10.30352300019674,7,3,24.88938299715321,1
63,8.80470135682287,3,1,40.98161992072644,0
32,1.2171147022766784,4,2,37.56976758854738,1
42,8.285908576141061,3,1,47.8529247279425,1
47,7.7172615627295045,2,1,142.47203155303635,1
31,5.001305474740178,4,4,150.9265421229666,1
24,2.3381935545517027,1,4,88.93671348125532,0
34,1.583829716171128,8,2,10.631455925231966,0
61,1.3184190102528184,5,0,20.28698161845952,0
37,1.9180946364792701,2,0,33.45443115476282,0
53,11.694090427655865,4,0,117.93710949341012,1
26,0.4041025870514855,2,0,36.788625823478796,0
55,8.826696176092547,2,1,189.56923509390512,1
39,2.1453839774277332,3,0,206.26443664004532,1
19,3.6865340691422404,6,4,45.63788146477673,1
41,7.911196691181495,8,0,104.98031026066829,1
25,10.787082314485932,5,3,357.98498253242934,1
28,2.113931946014338,5,0,94.76159443017383,1
30,3.098029170667347,3,1,53.48827143446648,1
34,2.6765826704749225,1,4,93.25959941496966,1
25,0.06669805910723689,1,3,4.3135859005932735,0
38,1.7544790116706663,6,2,50.368425208580845,0
35,3.0734292320632157,3,1,12.200616892793004,1
47,2.64744018225366,5,2,6.1685110967667,1
35,6.399398102045345,5,0,111.68619592871947,1
63,2.4290687027810294,2,2,51.03327331176608,0
64,3.3606132550667764,5,0,13.955713781666551,0
48,2.8071623667058114,7,1,24.451763187259118,0
55,6.747424087396281,6,1,181.11068240022678,1
49,9.93786453098682,3,1,99.09108442660457,1
28,3.7952500023968834,4,0,0.7852233823049716,0
62,7.7897377994547075,5,2,195.10609698829643,1
42,1.7604749684168013,1,1,22.985200512332398,1
50,3.897553220987689,4,1,59.44077395619911,1
55,2.11735589646599,6,1,62.35733725878435,0
58,2.673892123015595,7,2,121.34194604233397,1
25,6.591568818884354,5,0,108.1676324535377,1
28,10.671072091156882,3,0,16.545458362757334,1
39,0.6476706251292532,1,4,51.576028120655515,1
41,5.0343503754686285,4,1,25.01946551221557,0
58,4.363089714596195,5,0,37.279291948137875,0
34,0.6301694984267912,3,5,40.44794214394424,1
29,1.1906154984419532,7,4,25.237493084896524,0
63,1.8625881438859102,5,2,31.17117071985287,0
49,0.9131944606024276,1,0,11.681306852007586,0
32,1.3967806972939378,11,1,46.77958811539152,0
33,1.5571477846373558,1,1,71.13958092448966,0
39,2.044910174049123,3,0,28.083249666954778,0
45,6.919295699420797,3,2,190.11380466360143,1
37,4.242134866233404,3,2,2.946455893531673,0
50,21.432372221292063,4,1,44.47765470421257,1
27,2.6784597792374116,1,0,43.80553998484238,0
57,7.009377065362171,2,2,1.8485687180396912,1
49,10.257903283977141,3,0,12.716889355528124,1
50,5.681235791075119,6,2,117.98030833363747,1
19,2.6539916211676777,6,0,39.319519807381695,1
50,7.003886283778073,3,0,28.6692718556946,0
50,1.1386900595930372,6,1,26.849620844274565,0
58,1.9841536977793282,3,1,109.53467199514841,1
30,3.9558429682816088,6,0,22.866705431891713,1
47,4.283149192487651,5,0,98.00897550764273,1
50,0.11195138679381814,2,1,18.49471097748216,0
30,14.512502055780203,3,2,37.91138410742284,1
43,5.963965507324436,2,4,7.7637187697634795,0
39,3.4229569321845315,3,0,87.15712664406897,0
56,13.524817430185863,5,2,66.58554973889541,1
19,2.891023680055043,4,0,37.761030563860245,0
55,19.67021085610376,3,2,1.312132672459808,1
56,3.5901178119199626,1,2,32.81736706192098,0
43,0.6068045995260698,3,1,12.757293329681197,0
63,7.236615987859917,6,2,26.668415228499605,1
32,5.679977965669706,3,0,97.04540510936498,1
51,7.4137338338021275,1,1,73.39763482018209,1
59,15.12498455407663,4,3,13.850488530463007,1
61,7.491480016074622,1,0,209.8302707585903,1
57,4.72520805640565,7,1,116.7608413324311,1
28,9.735365707974657,5,5,37.61020492628619,1
20,5.592745146909791,4,2,37.76712329172493,0
23,2.622248869133039,5,2,115.76627795952876,1
26,10.841134896565418,3,2,50.54996579407064,1
23,1.2545041027557111,2,1,38.46777373523905,0
26,6.270041028309947,1,5,69.14471214014081,1
56,10.666889732811146,1,4,13.400320064026594,1
48,6.571106226761284,6,1,105.34163166980841,0
49,5.974659303075237,4,2,37.901913835764994,1
58,6.984518085333706,3,0,46.253872988971764,0
29,3.1279590263514696,6,2,4.712450071681414,1
25,10.364144553260017,4,1,18.51761402643307,1
25,1.137241989021246,5,0,27.820388914070975,0
45,0.6813122557197921,3,4,26.714055222811652,1
37,1.6809228508354566,6,3,75.31798234660525,1
64,3.791921960890963,4,2,16.586741617405725,0
24,3.572485334396484,5,3,10.051326192376626,1
28,8.590652022508724,7,1,43.68758079802168,1
37,2.5923459443183763,4,2,47.72752693001706,0
33,3.31158114593043,3,2,6.481710231747291,0
21,0.0672891752620918,8,4,0.12357773813698686,0
23,2.6359543379633683,3,4,124.83828254293812,1
39,5.217414626594171,6,1,4.149355920280142,0
43,0.07814921361502972,6,1,114.07393635652636,0
20,1.6486488474305616,2,4,25.47589682362637,1
58,1.165693933892148,1,2,52.92958150788019,0
59,0.21446145610230927,5,0,10.266083601760684,1
31,3.262522873823987,4,1,86.83999811175784,1
28,1.0027736362168036,6,4,9.934340211034563,1
35,6.794982596297487,4,2,24.42949633105453,1
29,9.41700210862913,7,2,13.59212776037253,0
40,3.9437240177211406,5,2,90.85569702866398,1
29,20.006277651563977,4,0,97.7147953494418,0
30,2.9935375474248103,2,4,23.263055787698406,0
42,3.601237601808146,2,1,18.36357815915697,0
62,22.649271912451763,6,0,74.2649503964788,1
36,1.316888723098049,5,0,105.39697772411031,0
63,14.283848007064515,2,0,48.910965642070174,0
53,0.21891079033433825,1,2,131.1420494155289,1
62,2.9564459703805372,5,1,24.147863353976938,0
25,0.36287234664566936,2,3,8.237034613843608,0
46,6.532515217462791,7,2,9.900782302959797,1
49,4.687685937415078,4,0,55.40767593375091,1
61,6.131676004137386,3,2,26.17245014402775,0
35,2.345863072914576,3,0,8.498780036202506,1
23,2.306067352938955,4,1,17.281582658164073,0
35,0.23189158959617542,4,0,37.815540048834976,1
36,2.153491056320354,2,3,6.473853523189057,1
39,13.245728389889628,5,1,0.17242189889479287,0
54,2.3839452888682673,8,4,124.62560338732291,1
49,8.900173554805097,4,1,18.182186393033493,1
58,9.23611263821069,6,0,12.51919526820417,0
20,2.3359671587942694,3,2,59.94608077571779,1
45,4.998207907466571,3,3,96.00330292332528,1
27,0.5011551492607766,5,0,50.0215073915828,0
52,0.5472810173761822,5,2,14.68385058548062,1
46,0.24940653046560804,3,3,98.89359452142861,1
32,4.349601910418918,4,0,35.71110484861563,0
50,2.776247723546361,4,2,23.997914884603496,0
24,3.9707234362631363,2,1,46.408819316588755,0
29,3.6810374590112187,3,3,60.30078174726719,1
47,2.1554762942605734,6,1,45.0491588937802,1
38,5.657848557439808,4,1,126.44007160118285,0
48,7.104467971967537,4,0,49.445464572171915,0
41,0.07368153426842183,4,2,105.42527691962897,1
37,1.1611882614751374,5,0,44.210352490559174,0
54,6.245476205648942,3,2,19.99997163786685,0
21,2.443854572159962,6,1,37.99607048309674,0
45,5.430711025916279,1,3,4.5146572407276935,0
61,2.1306048434912044,3,0,13.079579356203114,0
37,2.4776752167618126,2,0,72.67123317125173,1
41,0.8639092661714031,6,1,54.15795690357649,0
49,1.4935871577617645,5,1,9.107201259712765,0
58,4.649562409263526,5,1,28.814021673549956,1
53,2.838418454588783,5,0,7.6571047769028056,0
51,7.442802412225261,6,1,96.83389462045074,0
53,9.572516174089468,5,2,5.780066588878376,0
19,3.900571900446266,2,1,53.099795803041395,1
32,7.099613379386946,5,2,46.6972834800928,1
51,1.8329375084302497,6,1,32.00654989630428,1
53,2.6804711425823435,7,0,16.302757751982433,0
23,6.237493578893912,5,0,25.872081399565094,1
56,2.4405283781352747,3,3,82.0958084757074,1
59,4.439791260164467,5,0,71.67995272206443,1
29,1.0251233401337014,3,4,67.12518897183134,1
20,4.578595913328855,5,0,69.27944737134372,0
62,9.884919636998795,4,0,7.767608570525557,0
35,10.149054456886418,3,4,5.217853761543199,0
57,6.4430152074847005,4,3,98.84375050559595,1
38,6.847252672550147,5,3,90.75383178982376,1
32,4.081406295665107,1,0,57.1781246338281,0
50,4.3933864783713545,3,1,46.55825866032476,1
52,0.7173348306450369,4,1,22.85411009952845,0
43,2.9336687928046894,3,2,12.685459845456673,1
25,2.996247115012033,4,0,55.0793009507071,0
53,15.910048502604043,4,2,122.11226892424622,1
47,2.8201375744909667,2,0,28.723478434534716,1
40,3.985239865136343,6,2,18.063737501016185,0
59,3.8098224724233782,2,2,15.786372218293398,0
61,5.063481165980191,2,1,1.199536646888787,0
31,6.896252762087091,3,0,36.73146153866711,0
31,1.27473142428767,6,0,222.13568980532776,1
19,3.761561293064735,5,2,84.43426161335455,1
54,8.741135725559698,6,0,113.88229293855142,1
22,3.109854135511899,6,0,48.53260696811026,0
55,1.63182030857097,7,1,32.83559508751104,0
62,5.316839787288943,4,1,232.5974076688961,1
58,8.67975270865187,1,1,29.634523403249275,1
64,0.3261086679830576,3,1,124.34377476271159,0
31,7.498222061597602,2,3,71.74163769390456,1
56,8.619978887294911,4,1,20.09694850517154,0
42,3.0950518002916256,5,0,34.96451889612723,0
37,20.463426742933514,5,3,24.2521454616757,0
19,7.725473787223819,6,1,7.322048137382006,0
56,7.428641587781013,2,1,22.062380297031638,0
23,6.888429094115889,5,2,109.89904108688987,1
